Workbook

Sheet Read me
A1: Body assessment workbook (men and women)
A2: What to edit
A3: Yellow cells with blue text are inputs. Everything else is a formula.
A4: Measurements: one column per date (date in row 1). Enter sex (male or female) in each column: it selects the body-fat, strength, fitness, size and proportion models. The example column is a typical recreational woman; overwrite or delete it. Leave unmeasured cells blank.
A5: Report!B2: analysis date. It defaults to the latest date; type a date to analyse an earlier column.
A6: Parameters: shared constants, a sex-specific table (male / female / in use), ideal ratios (each tagged male or female), lift factors for each sex, and model sources.
A7: Required inputs
A8: Everyone: height, weight, age, sex, neck and waist; wrist and ankle (men's size ceiling). Women also need hips (body fat and proportion). Missing girths blank out their own rows only.
A9: Sheets
A10: Summary: five attributes on 0-1 scales (leanness, fitness, strength, size, proportion), each measured once, combined by a weighted geometric mean.
A11: Weights: Purposes sheet (rank health, looks and performance; simplest) or Attributes sheet (rank the five attributes directly; full control; 0 points leaves one out). Summary!B3 chooses which one drives the composite. Both default to equal ranks.
A12: Report: body composition, fitness, proportion, left/right symmetry, size ceilings. Strength: Symmetric Strength method (1RMs, rep maxes, scores, tiers, symmetry, Wilks, muscle groups). Plan: waist milestones, cardio targets, strength and size priorities, tiers per muscle group, exercises ranked.
... A28: Default rankings are neutral. Nothing in the workbook assumes what a woman (or a man) should value; set your own weights.

Sheet Measurements
A1: key | B1: Measurement | C1: Unit | D1: Protocol | E1: 46266
A2: height | B2: Height | C2: cm | D2: Barefoot, standing tall | E2: 164
A3: weight | B3: Body weight | C3: kg | D3: Morning, after toilet, before food | E3: 66
A4: age | B4: Age | C4: years | D4: Age in whole years on this date | E4: 38
A5: sex | B5: Sex | C5: male/female | D5: male or female: selects the body-fat, strength, fitness, size and proportion models (see Read me for the female limitations) | E5: female
A6: neck | B6: Neck | C6: cm | D6: Below the Adam's apple, smallest point | E6: 32
A7: shoulders | B7: Shoulders | C7: cm | D7: Around both deltoids at widest point, arms at sides | E7: 102
A8: chest | B8: Chest (for proportions) | C8: cm | D8: Largest girth under the armpits, chest held as you normally stand; for the classical ratios | E8: 92
A9: chest_relaxed | B9: Chest, relaxed (for Butt) | C9: cm | D9: Nipple level, arms at sides, normal breathing; not expanded, lats not flared (Casey Butt) | E9: 90
A10: waist | B10: Waist | C10: cm | D10: Men: horizontal at the navel. Women: at the narrowest point (natural waist). Standing, end of a normal exhalation, belly neither pulled in nor pushed out (US Navy) | E10: 76
A11: hips | B11: Hips | C11: cm | D11: Widest point of the buttocks, feet together. Required for women (body fat and proportion) | E11: 100
A12: wrist_l | B12: Wrist (left) | C12: cm | D12: Hand side of the styloid process (bony lump) | E12: 15
A13: wrist_r | B13: Wrist (right) | C13: cm | D13: Hand side of the styloid process (bony lump) | E13: 15
A14: forearm_l | B14: Forearm (left) | C14: cm | D14: Fist clenched, arm straight, largest point | E14: 23.5
A15: forearm_r | B15: Forearm (right) | C15: cm | D15: Fist clenched, arm straight, largest point | E15: 24
A16: arm_l | B16: Upper arm (left) | C16: cm | D16: Flexed, largest point | E16: 28
A17: arm_r | B17: Upper arm (right) | C17: cm | D17: Flexed, largest point | E17: 28.5
... A31: squat_reps | B31: Back squat: reps | C31: reps | D31: Reps to failure, whole number 1-10 (decimals are rounded down) | E31: 5
A32: front_squat_load | B32: Front squat: load | C32: kg | D32: Below parallel, no knee wraps. Total weight: bar + plates + collars
A33: front_squat_reps | B33: Front squat: reps | C33: reps | D33: Reps to failure, whole number 1-10 (decimals are rounded down)
A34: leg_press_load | B34: 45-degree leg press: load | C34: kg | D34: 45-degree sled; load = sled + plates; hips stay on the pad | E34: 120
A35: leg_press_reps | B35: 45-degree leg press: reps | C35: reps | D35: Reps to failure, whole number 1-10 (decimals are rounded down) | E35: 10
A36: deadlift_load | B36: Deadlift: load | C36: kg | D36: Conventional, no straps. Total weight: bar + plates + collars | E36: 70
A37: deadlift_reps | B37: Deadlift: reps | C37: reps | D37: Reps to failure, whole number 1-10 (decimals are rounded down) | E37: 5
A38: sumo_deadlift_load | B38: Sumo deadlift: load | C38: kg | D38: Sumo stance, no straps. Total weight: bar + plates + collars
A39: sumo_deadlift_reps | B39: Sumo deadlift: reps | C39: reps | D39: Reps to failure, whole number 1-10 (decimals are rounded down)
A40: power_clean_load | B40: Power clean: load | C40: kg | D40: From the floor, racked on the shoulders. Total weight: bar + plates + collars
A41: power_clean_reps | B41: Power clean: reps | C41: reps | D41: Reps to failure, whole number 1-10 (decimals are rounded down)
A42: bench_load | B42: Bench press: load | C42: kg | D42: One-second pause on the chest. Total weight: bar + plates + collars | E42: 32.5
A43: bench_reps | B43: Bench press: reps | C43: reps | D43: Reps to failure, whole number 1-10 (decimals are rounded down) | E43: 5
A44: incline_bench_load | B44: Incline bench press: load | C44: kg | D44: 30-45 degree bench, pause on the chest. Total weight: bar + plates + collars
A45: incline_bench_reps | B45: Incline bench press: reps | C45: reps | D45: Reps to failure, whole number 1-10 (decimals are rounded down)
A46: dip_load | B46: Dip: load | C46: kg added | D46: Upper arms below parallel. Load = added weight (negative if assisted)
A47: dip_reps | B47: Dip: reps | C47: reps | D47: Reps to failure, whole number 1-10 (decimals are rounded down)
A48: ohp_load | B48: Overhead press: load | C48: kg | D48: Standing, strict. Total weight: bar + plates + collars | E48: 25
A49: ohp_reps | B49: Overhead press: reps | C49: reps | D49: Reps to failure, whole number 1-10 (decimals are rounded down) | E49: 5
A50: push_press_load | B50: Push press: load | C50: kg | D50: Dip and drive. Total weight: bar + plates + collars
A51: push_press_reps | B51: Push press: reps | C51: reps | D51: Reps to failure, whole number 1-10 (decimals are rounded down)
A52: snatch_press_load | B52: Snatch press: load | C52: kg | D52: Snatch grip, bar from behind the neck. Total weight: bar + plates + collars
A53: snatch_press_reps | B53: Snatch press: reps | C53: reps | D53: Reps to failure, whole number 1-10 (decimals are rounded down)
A54: chin_up_load | B54: Chin-up: load | C54: kg added | D54: Supinated, dead hang, no kip. Load = added weight (negative if assisted) | E54: -30
A55: chin_up_reps | B55: Chin-up: reps | C55: reps | D55: Reps to failure, whole number 1-10 (decimals are rounded down) | E55: 5
A56: pull_up_load | B56: Pull-up: load | C56: kg added | D56: Pronated, dead hang, no kip. Load = added weight (negative if assisted)
A57: pull_up_reps | B57: Pull-up: reps | C57: reps | D57: Reps to failure, whole number 1-10 (decimals are rounded down)
A58: pendlay_row_load | B58: Pendlay row: load | C58: kg | D58: Bar from the floor every rep, back near parallel. Total weight: bar + plates + collars
A59: pendlay_row_reps | B59: Pendlay row: reps | C59: reps | D59: Reps to failure, whole number 1-10 (decimals are rounded down)
A60: lat_pulldown_load | B60: Lat pulldown: load | C60: kg | D60: Stack load as shown on the machine
A61: lat_pulldown_reps | B61: Lat pulldown: reps | C61: reps | D61: Reps to failure, whole number 1-10 (decimals are rounded down)
A62: seated_cable_row_load | B62: Seated cable row: load | C62: kg | D62: Stack load as shown on the machine
A63: seated_cable_row_reps | B63: Seated cable row: reps | C63: reps | D63: Reps to failure, whole number 1-10 (decimals are rounded down)
A64: rockport_time | B64: Rockport 1-mile walk: time | C64: min | D64: Walk 1 mile (1609 m) as fast as possible on flat ground; decimal minutes | E64: 16.5
A65: rockport_hr | B65: Rockport 1-mile walk: heart rate | C65: bpm | D65: Heart rate at the finish | E65: 140
A66: cooper_distance | B66: Cooper 12-minute run: distance | C66: m | D66: Distance covered in 12 minutes
A67: run_distance | B67: Timed run: distance | C67: m | D67: Any race-effort run, 1.5-42 km
A68: run_time | B68: Timed run: time | C68: min | D68: Decimal minutes
A69: cycle_watts | B69: Cycle ramp test: peak power | C69: W | D69: Peak power of a maximal ramp test on an ergometer or smart trainer
A70: notes | B70: Notes for this date | D70: E.g. which girths were flexed | E70: Example values for a typical recreational woman; replace them with your own. Lifts are sets to failure.

Sheet Summary
A1: Summary: five attributes, each measured once
A2: Analysis date | B2: =r_date -> 46266
A3: Weights from | B3: purposes | C3: purposes = rank health, looks and performance (Purposes sheet); attributes = rank the five attributes directly (Attributes sheet)
A4: attribute | B4: score (0-1) | C4: share in use | D4: ln(score) | E4: definition
A5: Leanness | B5: =MAX(0,MIN(1,(p_whtr_zero-m_waist/m_height)/(p_whtr_zero-p_whtr_best))) -> 0.91056911 | C5: =IF(c_mode="purposes",Purposes!$B$12,Attributes!$E$4) -> 0.22222222 | D5: =IF(OR(B5="",B5<=0),"",LN(B5)) -> -0.093685484 | E5: Waist-to-height: 1 at or below 0.45, 0 at or above 0.6, linear between. The only attribute that uses the waist | J5: =IF(D5="",0,D5) -> -0.093685484 | L5: =IF(B5="",0,1) -> 1
A6: Fitness | B6: =IF(r_fit_pct="","",r_fit_pct/100) -> 0.60577724 | C6: =IF(c_mode="purposes",Purposes!$B$13,Attributes!$E$5) -> 0.27777778 | D6: =IF(OR(B6="",B6<=0),"",LN(B6)) -> -0.50124294 | E6: Estimated VO2max as a percentile of people of your sex and age (FRIEND) / 100. Blank until a test is entered | J6: =IF(D6="",0,D6) -> -0.50124294 | L6: =IF(B6="",0,1) -> 1
A7: Strength | B7: =s_gm/p_strength_ref -> 0.48386556 | C7: =IF(c_mode="purposes",Purposes!$B$14,Attributes!$E$6) -> 0.27777778 | D7: =IF(OR(B7="",B7<=0),"",LN(B7)) -> -0.72594818 | E7: Relative strength: geometric mean of category scores / 100 (100 = age-adjusted Wilks 400, balanced) | J7: =IF(D7="",0,D7) -> -0.72594818 | L7: =IF(B7="",0,1) -> 1
A8: Size | B8: =r_lbm/r_size_ceiling -> 0.71157044 | C8: =IF(c_mode="purposes",Purposes!$B$15,Attributes!$E$7) -> 0.11111111 | D8: =IF(OR(B8="",B8<=0),"",LN(B8)) -> -0.34028086 | E8: Lean mass / natural ceiling (men: Casey Butt, frame-based; women: FFMI 23.9 x height^2, Harty 2019) | J8: =IF(D8="",0,D8) -> -0.34028086 | L8: =IF(B8="",0,1) -> 1
A9: Proportion | B9: =IF(r_aes_dist="","",1/(1+r_aes_dist)) -> 0.96086944 | C9: =IF(c_mode="purposes",Purposes!$B$16,Attributes!$E$8) -> 0.11111111 | D9: =IF(OR(B9="",B9<=0),"",LN(B9)) -> -0.039916742 | E9: Shape: exp(-RMS log deviation from the ideal ratios for your sex. Excludes the waist. Women: only two ratios (hips, shoulders/hips) | J9: =IF(D9="",0,D9) -> -0.039916742 | L9: =IF(B9="",0,1) -> 1
A11: Composite (attribute ranking) | B11: =c_attr -> 0.71161742
A12: Composite (purpose ranking) | B12: =c_purp -> 0.66767777
A13: Composite in use | B13: =IF(c_mode="purposes",c_purp,c_attr) -> 0.66767777 | E13: Weighted geometric mean over the attributes that have data: a weak attribute cannot be bought back by a strong one
A14: Weakest attribute | B14: =INDEX($A$5:$A$9,MATCH(MIN($B$5:$B$9),$B$5:$B$9,0)) -> Strength
A16: Couplings: a smaller waist also raises relative strength (Wilks rewards lower bodyweight) and fitness (VO2max is per kg), so these attributes are less independent than their weights suggest.

Sheet Attributes
A1: Rank the five attributes directly (for users who want full control)
A2: Used when Summary!B3 = attributes. Rank 1 = most important, ties allowed; each weight is 1/rank. Or type points (any scale), which override the ranks; 0 points leaves an attribute out, e.g. size for someone not interested in it. Each measurement counts once: proportion excludes the waist, which is scored only under leanness.
A3: attribute | B3: rank | C3: points | D3: weight used | E3: share | F3: score | G3: what it measures
A4: Leanness | B4: 1 | D4: =IF(Summary!$B$5="",0,IF(SUM($C$4:$C$8)>0,N(C4),IF(B4="",0,1/B4))) -> 1 | E4: =D4/SUM($D$4:$D$8) -> 0.2 | F4: =Summary!$B$5 -> 0.91056911 | G4: Waist-to-height: 1 at or below 0.45, 0 at or above 0.6, linear between. The only attribute that uses the waist
A5: Fitness | B5: 1 | D5: =IF(Summary!$B$6="",0,IF(SUM($C$4:$C$8)>0,N(C5),IF(B5="",0,1/B5))) -> 1 | E5: =D5/SUM($D$4:$D$8) -> 0.2 | F5: =Summary!$B$6 -> 0.60577724 | G5: Estimated VO2max as a percentile of people of your sex and age (FRIEND) / 100. Blank until a test is entered
A6: Strength | B6: 1 | D6: =IF(Summary!$B$7="",0,IF(SUM($C$4:$C$8)>0,N(C6),IF(B6="",0,1/B6))) -> 1 | E6: =D6/SUM($D$4:$D$8) -> 0.2 | F6: =Summary!$B$7 -> 0.48386556 | G6: Relative strength: geometric mean of category scores / 100 (100 = age-adjusted Wilks 400, balanced)
A7: Size | B7: 1 | D7: =IF(Summary!$B$8="",0,IF(SUM($C$4:$C$8)>0,N(C7),IF(B7="",0,1/B7))) -> 1 | E7: =D7/SUM($D$4:$D$8) -> 0.2 | F7: =Summary!$B$8 -> 0.71157044 | G7: Lean mass / natural ceiling (men: Casey Butt, frame-based; women: FFMI 23.9 x height^2, Harty 2019)
A8: Proportion | B8: 1 | D8: =IF(Summary!$B$9="",0,IF(SUM($C$4:$C$8)>0,N(C8),IF(B8="",0,1/B8))) -> 1 | E8: =D8/SUM($D$4:$D$8) -> 0.2 | F8: =Summary!$B$9 -> 0.96086944 | G8: Shape: exp(-RMS log deviation from the ideal ratios for your sex. Excludes the waist. Women: only two ratios (hips, shoulders/hips)
A10: Composite (attribute ranking) | B10: =IF(MIN(Summary!$B$5:$B$9)<=0,0,EXP(SUMPRODUCT($D$4:$D$8,Summary!$J$5:$J$9)/SUM($D$4:$D$8))) -> 0.71161742
A13: Purposes view of this ranking (read-only)
A14: Each attribute's share is split equally among the purposes it serves; the purpose score is the geometric mean of its attributes weighted by your attribute ranks. This reads the attribute ranking in purpose terms; it is not the inverse of the Purposes sheet.
A15: purpose | B15: share of your weight | C15: score | D15: attributes
A16: Health | B16: =SUMPRODUCT($E$4:$E$8,Parameters!$B$251:$B$255/Parameters!$E$251:$E$255) -> 0.3 | C16: =IF(SUMPRODUCT($D$4:$D$8,Parameters!$B$251:$B$255)=0,"",EXP(SUMPRODUCT($D$4:$D$8,Parameters!$B$251:$B$255,Summary!$J$5:$J$9)/SUMPRODUCT($D$4:$D$8,Parameters!$B$251:$B$255))) -> 0.64384826 | D16: Leanness, fitness, strength
A17: Looks | B17: =SUMPRODUCT($E$4:$E$8,Parameters!$C$251:$C$255/Parameters!$E$251:$E$255) -> 0.5 | C17: =IF(SUMPRODUCT($D$4:$D$8,Parameters!$C$251:$C$255)=0,"",EXP(SUMPRODUCT($D$4:$D$8,Parameters!$C$251:$C$255,Summary!$J$5:$J$9)/SUMPRODUCT($D$4:$D$8,Parameters!$C$251:$C$255))) -> 0.85388306 | D17: Leanness, size, proportion
A18: Performance | B18: =SUMPRODUCT($E$4:$E$8,Parameters!$D$251:$D$255/Parameters!$E$251:$E$255) -> 0.2 | C18: =IF(SUMPRODUCT($D$4:$D$8,Parameters!$D$251:$D$255)=0,"",EXP(SUMPRODUCT($D$4:$D$8,Parameters!$D$251:$D$255,Summary!$J$5:$J$9)/SUMPRODUCT($D$4:$D$8,Parameters!$D$251:$D$255))) -> 0.54140073 | D18: Strength, fitness

Sheet Purposes
A1: Rank purposes instead of attributes
A2: Each purpose score is the equal-weight geometric mean of the attributes that serve it (Parameters table); the composite is the weighted geometric mean of the purpose scores. Used when Summary!B3 = purposes.
A3: purpose | B3: rank | C3: points | D3: weight used | E3: share | F3: score | G3: attributes
A4: Health | B4: 1 | D4: =IF(F4="",0,IF(SUM($C$4:$C$6)>0,N(C4),IF(B4="",0,1/B4))) -> 1 | E4: =D4/SUM($D$4:$D$6) -> 0.33333333 | F4: =IF(I4=0,"",EXP(SUMPRODUCT(Parameters!$B$251:$B$255,Summary!$L$5:$L$9,Summary!$J$5:$J$9)/I4)) -> 0.64384826 | G4: Leanness, fitness, strength | H4: =IF(F4="",0,IF(F4<=0,-1000,LN(F4))) -> -0.4402922 | I4: =SUMPRODUCT(Parameters!$B$251:$B$255,Summary!$L$5:$L$9) -> 3
A5: Looks | B5: 1 | D5: =IF(F5="",0,IF(SUM($C$4:$C$6)>0,N(C5),IF(B5="",0,1/B5))) -> 1 | E5: =D5/SUM($D$4:$D$6) -> 0.33333333 | F5: =IF(I5=0,"",EXP(SUMPRODUCT(Parameters!$C$251:$C$255,Summary!$L$5:$L$9,Summary!$J$5:$J$9)/I5)) -> 0.85388306 | G5: Leanness, size, proportion | H5: =IF(F5="",0,IF(F5<=0,-1000,LN(F5))) -> -0.15796103 | I5: =SUMPRODUCT(Parameters!$C$251:$C$255,Summary!$L$5:$L$9) -> 3
A6: Performance | B6: 1 | D6: =IF(F6="",0,IF(SUM($C$4:$C$6)>0,N(C6),IF(B6="",0,1/B6))) -> 1 | E6: =D6/SUM($D$4:$D$6) -> 0.33333333 | F6: =IF(I6=0,"",EXP(SUMPRODUCT(Parameters!$D$251:$D$255,Summary!$L$5:$L$9,Summary!$J$5:$J$9)/I6)) -> 0.54140073 | G6: Strength, fitness | H6: =IF(F6="",0,IF(F6<=0,-1000,LN(F6))) -> -0.61359556 | I6: =SUMPRODUCT(Parameters!$D$251:$D$255,Summary!$L$5:$L$9) -> 2
A8: Composite (purpose ranking) | B8: =IF(MIN($F$4:$F$6)<=0,0,EXP(SUMPRODUCT($D$4:$D$6,$H$4:$H$6)/SUM($D$4:$D$6))) -> 0.66767777
A10: What this ranking means per attribute
A11: attribute | B11: effective share
A12: Leanness | B12: =Summary!$L$5*(IF($I$4=0,0,$E$4*Parameters!$B$251/$I$4)+IF($I$5=0,0,$E$5*Parameters!$C$251/$I$5)+IF($I$6=0,0,$E$6*Parameters!$D$251/$I$6)) -> 0.22222222
A13: Fitness | B13: =Summary!$L$6*(IF($I$4=0,0,$E$4*Parameters!$B$252/$I$4)+IF($I$5=0,0,$E$5*Parameters!$C$252/$I$5)+IF($I$6=0,0,$E$6*Parameters!$D$252/$I$6)) -> 0.27777778
A14: Strength | B14: =Summary!$L$7*(IF($I$4=0,0,$E$4*Parameters!$B$253/$I$4)+IF($I$5=0,0,$E$5*Parameters!$C$253/$I$5)+IF($I$6=0,0,$E$6*Parameters!$D$253/$I$6)) -> 0.27777778
A15: Size | B15: =Summary!$L$8*(IF($I$4=0,0,$E$4*Parameters!$B$254/$I$4)+IF($I$5=0,0,$E$5*Parameters!$C$254/$I$5)+IF($I$6=0,0,$E$6*Parameters!$D$254/$I$6)) -> 0.11111111
A16: Proportion | B16: =Summary!$L$9*(IF($I$4=0,0,$E$4*Parameters!$B$255/$I$4)+IF($I$5=0,0,$E$5*Parameters!$C$255/$I$5)+IF($I$6=0,0,$E$6*Parameters!$D$255/$I$6)) -> 0.11111111
A17: Check: composite from these effective shares | B17: =IF(MIN(Summary!$B$5:$B$9)<=0,0,EXP(SUMPRODUCT($B$12:$B$16,Summary!$J$5:$J$9))) -> 0.66767777
A19: Each purpose's share is split equally among its attributes that have data, so an attribute serving two purposes collects from both. Ranking purposes fixes the attribute weights; ranking attributes does not fix a unique purpose split, which is why the two directions do not round-trip.

Sheet Plan
A1: Plan: where effort pays
A2: Analysis date | B2: =r_date -> 46266
A3: For the size of each lever's effect on the composite, see the notebook's lever ranking. Tiers below are rule-based and editable on Parameters.
A5: 1. Leanness: waist, mostly through diet
A6: milestone | B6: waist (cm) | C6: waist/height | D6: body fat (Navy) | E6: weight at current lean mass (kg) | F6: fat to lose (kg) | G6: weeks at brisk pace | H6: weeks at gentle pace
A7: Now | B7: =m_waist -> 76 | C7: =B7/m_height -> 0.46341463 | D7: =(p_navy_k1/(p_navy_a-p_navy_b*LOG10(B7+p_navy_hip*N(m_hips)-m_neck)+p_navy_c*LOG10(m_height))-p_navy_k2)/100 -> 0.30695799 | E7: =r_lbm/(1-D7) -> 66 | F7: =MAX(0,m_weight-E7) -> 0 | G7: =F7/(p_loss_rate_hi*m_weight) -> 0 | H7: =F7/(p_loss_rate_lo*m_weight) -> 0
A8: Waist-to-height 0.5 boundary | B8: =p_whtr_limit*m_height -> 82 | C8: =B8/m_height -> 0.5 | D8: =(p_navy_k1/(p_navy_a-p_navy_b*LOG10(B8+p_navy_hip*N(m_hips)-m_neck)+p_navy_c*LOG10(m_height))-p_navy_k2)/100 -> 0.3361025 | E8: =r_lbm/(1-D8) -> 68.897342 | F8: =MAX(0,m_weight-E8) -> 0 | G8: =F8/(p_loss_rate_hi*m_weight) -> 0 | H8: =F8/(p_loss_rate_lo*m_weight) -> 0
A9: Full leanness score (whtr_best) | B9: =p_whtr_best*m_height -> 73.8 | C9: =B9/m_height -> 0.45 | D9: =(p_navy_k1/(p_navy_a-p_navy_b*LOG10(B9+p_navy_hip*N(m_hips)-m_neck)+p_navy_c*LOG10(m_height))-p_navy_k2)/100 -> 0.29605738 | E9: =r_lbm/(1-D9) -> 64.977985 | F9: =MAX(0,m_weight-E9) -> 1.0220148 | G9: =F9/(p_loss_rate_hi*m_weight) -> 1.5485073 | H9: =F9/(p_loss_rate_lo*m_weight) -> 3.0970146
A10: Weights assume lean mass is kept.
A11: Calorie deficit | B11: ="Aim to lose "&TEXT(p_loss_rate_lo*m_weight,"0.0")&"-"&TEXT(p_loss_rate_hi*m_weight,"0.0")&" kg a week; diet does most of the work." -> Aim to lose 0.3-0.7 kg a week; diet does most of the work.
A12: Protein | B12: ="About "&TEXT(p_protein_lo*m_weight,"0")&"-"&TEXT(p_protein_hi*m_weight,"0")&" g a day ("&p_protein_lo&"-"&p_protein_hi&" g/kg), to keep muscle while losing fat." -> About 106-145 g a day (1.6-2.2 g/kg), to keep muscle while losing fat.
A13: Lifting | B13: ="Keep lifting hard while losing fat: it is what preserves lean mass. Novice strength still rises in a modest deficit." -> Keep lifting hard while losing fat: it is what preserves lean mass. Novice strength still rises in a modest deficit.
A15: 2. Fitness: cardio
B16: VO2max (ml/kg/min) | C16: percentile
A17: Now (mean of tests entered) | B17: =Report!$B$63 -> 31.150208 | C17: =r_fit_pct -> 60.577724
A18: Needed for the 50th percentile (treadmill norms, your age) | B18: =INDEX(t_friend_vals,MATCH(m_sex&"|treadmill|"&MIN(80,MAX(20,INT(m_age/10)*10)),t_friend_keys,0),5) -> 28.3 | C18: 50
A19: Needed for the 70th percentile (treadmill norms, your age) | B19: =INDEX(t_friend_vals,MATCH(m_sex&"|treadmill|"&MIN(80,MAX(20,INT(m_age/10)*10)),t_friend_keys,0),7) -> 33.6 | C19: 70
A20: Needed for the 90th percentile (treadmill norms, your age) | B20: =INDEX(t_friend_vals,MATCH(m_sex&"|treadmill|"&MIN(80,MAX(20,INT(m_age/10)*10)),t_friend_keys,0),9) -> 42.1 | C20: 90
A21: Test | B21: ="No test yet? The Rockport 1-mile walk is the safest start; a timed 5 km or a Cooper 12-minute run once running is comfortable." -> No test yet? The Rockport 1-mile walk is the safest start; a timed 5 km or a Cooper 12-minute run once running is comfortable.
A22: Volume | B22: ="150-300 min a week moderate, or 75-150 vigorous (WHO 2020). Also adds to the calorie deficit." -> 150-300 min a week moderate, or 75-150 vigorous (WHO 2020). Also adds to the calorie deficit.
A23: Intensity | B23: ="Once a base is built, one or two interval sessions a week (e.g. 4 x 4 min hard, 3 min easy) raise VO2max faster than steady work alone (Helgerud et al. 2007)." -> Once a base is built, one or two interval sessions a week (e.g. 4 x 4 min hard, 3 min easy) raise VO2max faster than steady work alone (Helgerud et al. 2007).
A24: Modes | B24: ="Anything counts for training, including the elliptical; only the test needs a standard mode." -> Anything counts for training, including the elliptical; only the test needs a standard mode.
A26: 3. Scored lifts: where strength gains pay most
A27: In the geometric mean every category is worth the same per percent of improvement; the weakest lift is usually the cheapest to raise by a given percent (technique, untapped headroom), so it gets the most work.
A28: category | B28: best lift | C28: vs overall | D28: class | E28: tier
A29: squat | B29: =INDEX(Strength!$D$33:$D$37,MATCH(A29,s_cat_names,0)) -> Back squat | C29: =INDEX(Strength!$E$33:$E$37,MATCH(A29,s_cat_names,0)) -> -0.10895235 | D29: =INDEX(s_cat_class,MATCH(A29,s_cat_names,0)) -> weak | E29: =IF(D29="weak","hard",IF(D29="strong","maintenance",IF(D29="","","medium"))) -> hard
A30: floor pull | B30: =INDEX(Strength!$D$33:$D$37,MATCH(A30,s_cat_names,0)) -> Deadlift | C30: =INDEX(Strength!$E$33:$E$37,MATCH(A30,s_cat_names,0)) -> 0.047872031 | D30: =INDEX(s_cat_class,MATCH(A30,s_cat_names,0)) -> in line | E30: =IF(D30="weak","hard",IF(D30="strong","maintenance",IF(D30="","","medium"))) -> medium
A31: horizontal press | B31: =INDEX(Strength!$D$33:$D$37,MATCH(A31,s_cat_names,0)) -> Bench press | C31: =INDEX(Strength!$E$33:$E$37,MATCH(A31,s_cat_names,0)) -> -0.14647015 | D31: =INDEX(s_cat_class,MATCH(A31,s_cat_names,0)) -> weak | E31: =IF(D31="weak","hard",IF(D31="strong","maintenance",IF(D31="","","medium"))) -> hard
A32: vertical press | B32: =INDEX(Strength!$D$33:$D$37,MATCH(A32,s_cat_names,0)) -> Overhead press | C32: =INDEX(Strength!$E$33:$E$37,MATCH(A32,s_cat_names,0)) -> 0.12384388 | D32: =INDEX(s_cat_class,MATCH(A32,s_cat_names,0)) -> strong | E32: =IF(D32="weak","hard",IF(D32="strong","maintenance",IF(D32="","","medium"))) -> maintenance
A33: pull | B33: =INDEX(Strength!$D$33:$D$37,MATCH(A33,s_cat_names,0)) -> Chin-up | C33: =INDEX(Strength!$E$33:$E$37,MATCH(A33,s_cat_names,0)) -> 0.083706596 | D33: =INDEX(s_cat_class,MATCH(A33,s_cat_names,0)) -> in line | E33: =IF(D33="weak","hard",IF(D33="strong","maintenance",IF(D33="","","medium"))) -> medium
A35: 4. Body parts: where size gains pay most
A36: body part | B36: vs ideal ratio | C36: of Butt maximum | D36: size tier | E36: basis
A37: arm | B37: =IF(J37="","",IFERROR(INDEX(r_ratio_dev,MATCH(J37,r_ratio_keys,0)),"")) | C37: =INDEX(r_girth_att,MATCH("arm",r_girth_sites,0)) | D37: =IF(AND(NOT(ISNUMBER(B37)),NOT(ISNUMBER(C37))),"",IF(OR(AND(ISNUMBER(B37),B37<p_size_hard_dev),AND(ISNUMBER(C37),C37<p_size_hard_att)),"hard",IF(OR(AND(ISNUMBER(B37),B37<p_size_med_dev),AND(ISNUMBER(C37),C37<p_size_med_att)),"medium","maintenance"))) | E37: men: arm/wrist (Reeves); women: no ideal | J37: =IF(m_sex="female","","arm_wrist")
A38: forearm | B38: =IF(J38="","",IFERROR(INDEX(r_ratio_dev,MATCH(J38,r_ratio_keys,0)),"")) | C38: =INDEX(r_girth_att,MATCH("forearm",r_girth_sites,0)) | D38: =IF(AND(NOT(ISNUMBER(B38)),NOT(ISNUMBER(C38))),"",IF(OR(AND(ISNUMBER(B38),B38<p_size_hard_dev),AND(ISNUMBER(C38),C38<p_size_hard_att)),"hard",IF(OR(AND(ISNUMBER(B38),B38<p_size_med_dev),AND(ISNUMBER(C38),C38<p_size_med_att)),"medium","maintenance"))) | E38: men: forearm/wrist (McCallum); women: no ideal | J38: =IF(m_sex="female","","forearm_wrist")
A39: chest | B39: =IF(J39="","",IFERROR(INDEX(r_ratio_dev,MATCH(J39,r_ratio_keys,0)),"")) | C39: =INDEX(r_girth_att,MATCH("chest",r_girth_sites,0)) | D39: =IF(AND(NOT(ISNUMBER(B39)),NOT(ISNUMBER(C39))),"",IF(OR(AND(ISNUMBER(B39),B39<p_size_hard_dev),AND(ISNUMBER(C39),C39<p_size_hard_att)),"hard",IF(OR(AND(ISNUMBER(B39),B39<p_size_med_dev),AND(ISNUMBER(C39),C39<p_size_med_att)),"medium","maintenance"))) | E39: men: chest/wrist (McCallum); women: no ideal | J39: =IF(m_sex="female","","chest_wrist")
A40: shoulders | B40: =IF(J40="","",IFERROR(INDEX(r_ratio_dev,MATCH(J40,r_ratio_keys,0)),"")) -> 0.02 | D40: =IF(AND(NOT(ISNUMBER(B40)),NOT(ISNUMBER(C40))),"",IF(OR(AND(ISNUMBER(B40),B40<p_size_hard_dev),AND(ISNUMBER(C40),C40<p_size_hard_att)),"hard",IF(OR(AND(ISNUMBER(B40),B40<p_size_med_dev),AND(ISNUMBER(C40),C40<p_size_med_att)),"medium","maintenance"))) -> maintenance | E40: men: shoulders/chest (implied classical ideal); women: shoulders/hips = 1 | J40: =IF(m_sex="female","shoulders_hips","shoulders_chest") -> shoulders_hips
A41: thigh | B41: =IF(J41="","",IFERROR(INDEX(r_ratio_dev,MATCH(J41,r_ratio_keys,0)),"")) | C41: =INDEX(r_girth_att,MATCH("thigh",r_girth_sites,0)) | D41: =IF(AND(NOT(ISNUMBER(B41)),NOT(ISNUMBER(C41))),"",IF(OR(AND(ISNUMBER(B41),B41<p_size_hard_dev),AND(ISNUMBER(C41),C41<p_size_hard_att)),"hard",IF(OR(AND(ISNUMBER(B41),B41<p_size_med_dev),AND(ISNUMBER(C41),C41<p_size_med_att)),"medium","maintenance"))) | E41: men: thigh/knee (Reeves); women: no ideal | J41: =IF(m_sex="female","","thigh_knee")
A42: calf | B42: =IF(J42="","",IFERROR(INDEX(r_ratio_dev,MATCH(J42,r_ratio_keys,0)),"")) | C42: =INDEX(r_girth_att,MATCH("calf",r_girth_sites,0)) | D42: =IF(AND(NOT(ISNUMBER(B42)),NOT(ISNUMBER(C42))),"",IF(OR(AND(ISNUMBER(B42),B42<p_size_hard_dev),AND(ISNUMBER(C42),C42<p_size_hard_att)),"hard",IF(OR(AND(ISNUMBER(B42),B42<p_size_med_dev),AND(ISNUMBER(C42),C42<p_size_med_att)),"medium","maintenance"))) | E42: men: calf/ankle (Reeves); women: no ideal | J42: =IF(m_sex="female","","calf_ankle")
A43: neck | B43: =IF(J43="","",IFERROR(INDEX(r_ratio_dev,MATCH(J43,r_ratio_keys,0)),"")) | C43: =INDEX(r_girth_att,MATCH("neck",r_girth_sites,0)) | D43: =IF(AND(NOT(ISNUMBER(B43)),NOT(ISNUMBER(C43))),"",IF(OR(AND(ISNUMBER(B43),B43<p_size_hard_dev),AND(ISNUMBER(C43),C43<p_size_hard_att)),"hard",IF(OR(AND(ISNUMBER(B43),B43<p_size_med_dev),AND(ISNUMBER(C43),C43<p_size_med_att)),"medium","maintenance"))) | E43: men: neck/arm (Reeves); no exercises recommended | J43: =IF(m_sex="female","","neck_arm")
A44: hips | B44: =IF(J44="","",IFERROR(INDEX(r_ratio_dev,MATCH(J44,r_ratio_keys,0)),"")) -> -0.051490515 | D44: =IF(AND(NOT(ISNUMBER(B44)),NOT(ISNUMBER(C44))),"",IF(OR(AND(ISNUMBER(B44),B44<p_size_hard_dev),AND(ISNUMBER(C44),C44<p_size_hard_att)),"hard",IF(OR(AND(ISNUMBER(B44),B44<p_size_med_dev),AND(ISNUMBER(C44),C44<p_size_med_att)),"medium","maintenance"))) -> medium | E44: women: hips/height implied by waist/hip 0.70 at the leanness target; men: no ideal | J44: =IF(m_sex="female","hips_height","") -> hips_height
A46: 5. Muscle groups: tier = the higher of the strength tier and the size tier
A47: muscle group | B47: strength class | C47: strength tier | D47: size (body part) | E47: size tier | F47: tier | G47: hard sets/week | H47: _tier#
A48: Upper traps | B48: =INDEX(s_mg_class,MATCH(A48,s_mg_names,0)) -> in line | C48: =IF(B48="weak","hard",IF(B48="strong","maintenance",IF(B48="no data","","medium"))) -> medium | D48: =IF(m_sex="female","","") | E48: =IF(D48="","",INDEX($D$37:$D$44,MATCH(D48,$A$37:$A$44,0))) | F48: =CHOOSE(H48+1,"no data","maintenance","medium","hard") -> medium | G48: =CHOOSE(H48+1,"",p_sets_maint_lo&"-"&p_sets_maint_hi,p_sets_med_lo&"-"&p_sets_med_hi,p_sets_hard_lo&"-"&p_sets_hard_hi) -> 6-10 | H48: =MAX(IF(C48="hard",3,IF(C48="medium",2,IF(C48="maintenance",1,0))),IF(E48="hard",3,IF(E48="medium",2,IF(E48="maintenance",1,0)))) -> 2
A49: Middle traps | B49: =INDEX(s_mg_class,MATCH(A49,s_mg_names,0)) -> in line | C49: =IF(B49="weak","hard",IF(B49="strong","maintenance",IF(B49="no data","","medium"))) -> medium | D49: =IF(m_sex="female","","") | E49: =IF(D49="","",INDEX($D$37:$D$44,MATCH(D49,$A$37:$A$44,0))) | F49: =CHOOSE(H49+1,"no data","maintenance","medium","hard") -> medium | G49: =CHOOSE(H49+1,"",p_sets_maint_lo&"-"&p_sets_maint_hi,p_sets_med_lo&"-"&p_sets_med_hi,p_sets_hard_lo&"-"&p_sets_hard_hi) -> 6-10 | H49: =MAX(IF(C49="hard",3,IF(C49="medium",2,IF(C49="maintenance",1,0))),IF(E49="hard",3,IF(E49="medium",2,IF(E49="maintenance",1,0)))) -> 2
A50: Lower traps | B50: =INDEX(s_mg_class,MATCH(A50,s_mg_names,0)) -> no data | C50: =IF(B50="weak","hard",IF(B50="strong","maintenance",IF(B50="no data","","medium"))) | D50: =IF(m_sex="female","","") | E50: =IF(D50="","",INDEX($D$37:$D$44,MATCH(D50,$A$37:$A$44,0))) | F50: =CHOOSE(H50+1,"no data","maintenance","medium","hard") -> no data | G50: =CHOOSE(H50+1,"",p_sets_maint_lo&"-"&p_sets_maint_hi,p_sets_med_lo&"-"&p_sets_med_hi,p_sets_hard_lo&"-"&p_sets_hard_hi) | H50: =MAX(IF(C50="hard",3,IF(C50="medium",2,IF(C50="maintenance",1,0))),IF(E50="hard",3,IF(E50="medium",2,IF(E50="maintenance",1,0)))) -> 0
A51: Anterior delts | B51: =INDEX(s_mg_class,MATCH(A51,s_mg_names,0)) -> mixed | C51: =IF(B51="weak","hard",IF(B51="strong","maintenance",IF(B51="no data","","medium"))) -> medium | D51: =IF(m_sex="female","shoulders","shoulders") -> shoulders | E51: =IF(D51="","",INDEX($D$37:$D$44,MATCH(D51,$A$37:$A$44,0))) -> maintenance | F51: =CHOOSE(H51+1,"no data","maintenance","medium","hard") -> medium | G51: =CHOOSE(H51+1,"",p_sets_maint_lo&"-"&p_sets_maint_hi,p_sets_med_lo&"-"&p_sets_med_hi,p_sets_hard_lo&"-"&p_sets_hard_hi) -> 6-10 | H51: =MAX(IF(C51="hard",3,IF(C51="medium",2,IF(C51="maintenance",1,0))),IF(E51="hard",3,IF(E51="medium",2,IF(E51="maintenance",1,0)))) -> 2
A52: Lateral delts | B52: =INDEX(s_mg_class,MATCH(A52,s_mg_names,0)) -> strong | C52: =IF(B52="weak","hard",IF(B52="strong","maintenance",IF(B52="no data","","medium"))) -> maintenance | D52: =IF(m_sex="female","shoulders","shoulders") -> shoulders | E52: =IF(D52="","",INDEX($D$37:$D$44,MATCH(D52,$A$37:$A$44,0))) -> maintenance | F52: =CHOOSE(H52+1,"no data","maintenance","medium","hard") -> maintenance | G52: =CHOOSE(H52+1,"",p_sets_maint_lo&"-"&p_sets_maint_hi,p_sets_med_lo&"-"&p_sets_med_hi,p_sets_hard_lo&"-"&p_sets_hard_hi) -> 3-5 | H52: =MAX(IF(C52="hard",3,IF(C52="medium",2,IF(C52="maintenance",1,0))),IF(E52="hard",3,IF(E52="medium",2,IF(E52="maintenance",1,0)))) -> 1
A53: Posterior delts | B53: =INDEX(s_mg_class,MATCH(A53,s_mg_names,0)) -> in line | C53: =IF(B53="weak","hard",IF(B53="strong","maintenance",IF(B53="no data","","medium"))) -> medium | D53: =IF(m_sex="female","shoulders","shoulders") -> shoulders | E53: =IF(D53="","",INDEX($D$37:$D$44,MATCH(D53,$A$37:$A$44,0))) -> maintenance | F53: =CHOOSE(H53+1,"no data","maintenance","medium","hard") -> medium | G53: =CHOOSE(H53+1,"",p_sets_maint_lo&"-"&p_sets_maint_hi,p_sets_med_lo&"-"&p_sets_med_hi,p_sets_hard_lo&"-"&p_sets_hard_hi) -> 6-10 | H53: =MAX(IF(C53="hard",3,IF(C53="medium",2,IF(C53="maintenance",1,0))),IF(E53="hard",3,IF(E53="medium",2,IF(E53="maintenance",1,0)))) -> 2
A54: Pecs | B54: =INDEX(s_mg_class,MATCH(A54,s_mg_names,0)) -> weak | C54: =IF(B54="weak","hard",IF(B54="strong","maintenance",IF(B54="no data","","medium"))) -> hard | D54: =IF(m_sex="female","","chest") | E54: =IF(D54="","",INDEX($D$37:$D$44,MATCH(D54,$A$37:$A$44,0))) | F54: =CHOOSE(H54+1,"no data","maintenance","medium","hard") -> hard | G54: =CHOOSE(H54+1,"",p_sets_maint_lo&"-"&p_sets_maint_hi,p_sets_med_lo&"-"&p_sets_med_hi,p_sets_hard_lo&"-"&p_sets_hard_hi) -> 12-20 | H54: =MAX(IF(C54="hard",3,IF(C54="medium",2,IF(C54="maintenance",1,0))),IF(E54="hard",3,IF(E54="medium",2,IF(E54="maintenance",1,0)))) -> 3
A55: Biceps | B55: =INDEX(s_mg_class,MATCH(A55,s_mg_names,0)) -> in line | C55: =IF(B55="weak","hard",IF(B55="strong","maintenance",IF(B55="no data","","medium"))) -> medium | D55: =IF(m_sex="female","","arm") | E55: =IF(D55="","",INDEX($D$37:$D$44,MATCH(D55,$A$37:$A$44,0))) | F55: =CHOOSE(H55+1,"no data","maintenance","medium","hard") -> medium | G55: =CHOOSE(H55+1,"",p_sets_maint_lo&"-"&p_sets_maint_hi,p_sets_med_lo&"-"&p_sets_med_hi,p_sets_hard_lo&"-"&p_sets_hard_hi) -> 6-10 | H55: =MAX(IF(C55="hard",3,IF(C55="medium",2,IF(C55="maintenance",1,0))),IF(E55="hard",3,IF(E55="medium",2,IF(E55="maintenance",1,0)))) -> 2
A56: Triceps | B56: =INDEX(s_mg_class,MATCH(A56,s_mg_names,0)) -> mixed | C56: =IF(B56="weak","hard",IF(B56="strong","maintenance",IF(B56="no data","","medium"))) -> medium | D56: =IF(m_sex="female","","arm") | E56: =IF(D56="","",INDEX($D$37:$D$44,MATCH(D56,$A$37:$A$44,0))) | F56: =CHOOSE(H56+1,"no data","maintenance","medium","hard") -> medium | G56: =CHOOSE(H56+1,"",p_sets_maint_lo&"-"&p_sets_maint_hi,p_sets_med_lo&"-"&p_sets_med_hi,p_sets_hard_lo&"-"&p_sets_hard_hi) -> 6-10 | H56: =MAX(IF(C56="hard",3,IF(C56="medium",2,IF(C56="maintenance",1,0))),IF(E56="hard",3,IF(E56="medium",2,IF(E56="maintenance",1,0)))) -> 2
A57: Forearms | B57: =INDEX(s_mg_class,MATCH(A57,s_mg_names,0)) -> in line | C57: =IF(B57="weak","hard",IF(B57="strong","maintenance",IF(B57="no data","","medium"))) -> medium | D57: =IF(m_sex="female","","forearm") | E57: =IF(D57="","",INDEX($D$37:$D$44,MATCH(D57,$A$37:$A$44,0))) | F57: =CHOOSE(H57+1,"no data","maintenance","medium","hard") -> medium | G57: =CHOOSE(H57+1,"",p_sets_maint_lo&"-"&p_sets_maint_hi,p_sets_med_lo&"-"&p_sets_med_hi,p_sets_hard_lo&"-"&p_sets_hard_hi) -> 6-10 | H57: =MAX(IF(C57="hard",3,IF(C57="medium",2,IF(C57="maintenance",1,0))),IF(E57="hard",3,IF(E57="medium",2,IF(E57="maintenance",1,0)))) -> 2
A58: Obliques & serratus | B58: =INDEX(s_mg_class,MATCH(A58,s_mg_names,0)) -> in line | C58: =IF(B58="weak","hard",IF(B58="strong","maintenance",IF(B58="no data","","medium"))) -> medium | D58: =IF(m_sex="female","","") | E58: =IF(D58="","",INDEX($D$37:$D$44,MATCH(D58,$A$37:$A$44,0))) | F58: =CHOOSE(H58+1,"no data","maintenance","medium","hard") -> medium | G58: =CHOOSE(H58+1,"",p_sets_maint_lo&"-"&p_sets_maint_hi,p_sets_med_lo&"-"&p_sets_med_hi,p_sets_hard_lo&"-"&p_sets_hard_hi) -> 6-10 | H58: =MAX(IF(C58="hard",3,IF(C58="medium",2,IF(C58="maintenance",1,0))),IF(E58="hard",3,IF(E58="medium",2,IF(E58="maintenance",1,0)))) -> 2
A59: Abdominals | B59: =INDEX(s_mg_class,MATCH(A59,s_mg_names,0)) -> mixed | C59: =IF(B59="weak","hard",IF(B59="strong","maintenance",IF(B59="no data","","medium"))) -> medium | D59: =IF(m_sex="female","","") | E59: =IF(D59="","",INDEX($D$37:$D$44,MATCH(D59,$A$37:$A$44,0))) | F59: =CHOOSE(H59+1,"no data","maintenance","medium","hard") -> medium | G59: =CHOOSE(H59+1,"",p_sets_maint_lo&"-"&p_sets_maint_hi,p_sets_med_lo&"-"&p_sets_med_hi,p_sets_hard_lo&"-"&p_sets_hard_hi) -> 6-10 | H59: =MAX(IF(C59="hard",3,IF(C59="medium",2,IF(C59="maintenance",1,0))),IF(E59="hard",3,IF(E59="medium",2,IF(E59="maintenance",1,0)))) -> 2
A60: Lats | B60: =INDEX(s_mg_class,MATCH(A60,s_mg_names,0)) -> in line | C60: =IF(B60="weak","hard",IF(B60="strong","maintenance",IF(B60="no data","","medium"))) -> medium | D60: =IF(m_sex="female","","") | E60: =IF(D60="","",INDEX($D$37:$D$44,MATCH(D60,$A$37:$A$44,0))) | F60: =CHOOSE(H60+1,"no data","maintenance","medium","hard") -> medium | G60: =CHOOSE(H60+1,"",p_sets_maint_lo&"-"&p_sets_maint_hi,p_sets_med_lo&"-"&p_sets_med_hi,p_sets_hard_lo&"-"&p_sets_hard_hi) -> 6-10 | H60: =MAX(IF(C60="hard",3,IF(C60="medium",2,IF(C60="maintenance",1,0))),IF(E60="hard",3,IF(E60="medium",2,IF(E60="maintenance",1,0)))) -> 2
A61: Spinal erectors | B61: =INDEX(s_mg_class,MATCH(A61,s_mg_names,0)) -> mixed | C61: =IF(B61="weak","hard",IF(B61="strong","maintenance",IF(B61="no data","","medium"))) -> medium | D61: =IF(m_sex="female","","") | E61: =IF(D61="","",INDEX($D$37:$D$44,MATCH(D61,$A$37:$A$44,0))) | F61: =CHOOSE(H61+1,"no data","maintenance","medium","hard") -> medium | G61: =CHOOSE(H61+1,"",p_sets_maint_lo&"-"&p_sets_maint_hi,p_sets_med_lo&"-"&p_sets_med_hi,p_sets_hard_lo&"-"&p_sets_hard_hi) -> 6-10 | H61: =MAX(IF(C61="hard",3,IF(C61="medium",2,IF(C61="maintenance",1,0))),IF(E61="hard",3,IF(E61="medium",2,IF(E61="maintenance",1,0)))) -> 2
A62: Glutes | B62: =INDEX(s_mg_class,MATCH(A62,s_mg_names,0)) -> mixed | C62: =IF(B62="weak","hard",IF(B62="strong","maintenance",IF(B62="no data","","medium"))) -> medium | D62: =IF(m_sex="female","hips","thigh") -> hips | E62: =IF(D62="","",INDEX($D$37:$D$44,MATCH(D62,$A$37:$A$44,0))) -> medium | F62: =CHOOSE(H62+1,"no data","maintenance","medium","hard") -> medium | G62: =CHOOSE(H62+1,"",p_sets_maint_lo&"-"&p_sets_maint_hi,p_sets_med_lo&"-"&p_sets_med_hi,p_sets_hard_lo&"-"&p_sets_hard_hi) -> 6-10 | H62: =MAX(IF(C62="hard",3,IF(C62="medium",2,IF(C62="maintenance",1,0))),IF(E62="hard",3,IF(E62="medium",2,IF(E62="maintenance",1,0)))) -> 2
A63: Hamstrings | B63: =INDEX(s_mg_class,MATCH(A63,s_mg_names,0)) -> mixed | C63: =IF(B63="weak","hard",IF(B63="strong","maintenance",IF(B63="no data","","medium"))) -> medium | D63: =IF(m_sex="female","","thigh") | E63: =IF(D63="","",INDEX($D$37:$D$44,MATCH(D63,$A$37:$A$44,0))) | F63: =CHOOSE(H63+1,"no data","maintenance","medium","hard") -> medium | G63: =CHOOSE(H63+1,"",p_sets_maint_lo&"-"&p_sets_maint_hi,p_sets_med_lo&"-"&p_sets_med_hi,p_sets_hard_lo&"-"&p_sets_hard_hi) -> 6-10 | H63: =MAX(IF(C63="hard",3,IF(C63="medium",2,IF(C63="maintenance",1,0))),IF(E63="hard",3,IF(E63="medium",2,IF(E63="maintenance",1,0)))) -> 2
A64: Quads | B64: =INDEX(s_mg_class,MATCH(A64,s_mg_names,0)) -> mixed | C64: =IF(B64="weak","hard",IF(B64="strong","maintenance",IF(B64="no data","","medium"))) -> medium | D64: =IF(m_sex="female","","thigh") | E64: =IF(D64="","",INDEX($D$37:$D$44,MATCH(D64,$A$37:$A$44,0))) | F64: =CHOOSE(H64+1,"no data","maintenance","medium","hard") -> medium | G64: =CHOOSE(H64+1,"",p_sets_maint_lo&"-"&p_sets_maint_hi,p_sets_med_lo&"-"&p_sets_med_hi,p_sets_hard_lo&"-"&p_sets_hard_hi) -> 6-10 | H64: =MAX(IF(C64="hard",3,IF(C64="medium",2,IF(C64="maintenance",1,0))),IF(E64="hard",3,IF(E64="medium",2,IF(E64="maintenance",1,0)))) -> 2
A65: Hip flexors | B65: =INDEX(s_mg_class,MATCH(A65,s_mg_names,0)) -> weak | C65: =IF(B65="weak","hard",IF(B65="strong","maintenance",IF(B65="no data","","medium"))) -> hard | D65: =IF(m_sex="female","","") | E65: =IF(D65="","",INDEX($D$37:$D$44,MATCH(D65,$A$37:$A$44,0))) | F65: =CHOOSE(H65+1,"no data","maintenance","medium","hard") -> hard | G65: =CHOOSE(H65+1,"",p_sets_maint_lo&"-"&p_sets_maint_hi,p_sets_med_lo&"-"&p_sets_med_hi,p_sets_hard_lo&"-"&p_sets_hard_hi) -> 12-20 | H65: =MAX(IF(C65="hard",3,IF(C65="medium",2,IF(C65="maintenance",1,0))),IF(E65="hard",3,IF(E65="medium",2,IF(E65="maintenance",1,0)))) -> 3
A66: Hip adductors | B66: =INDEX(s_mg_class,MATCH(A66,s_mg_names,0)) -> weak | C66: =IF(B66="weak","hard",IF(B66="strong","maintenance",IF(B66="no data","","medium"))) -> hard | D66: =IF(m_sex="female","hips","thigh") -> hips | E66: =IF(D66="","",INDEX($D$37:$D$44,MATCH(D66,$A$37:$A$44,0))) -> medium | F66: =CHOOSE(H66+1,"no data","maintenance","medium","hard") -> hard | G66: =CHOOSE(H66+1,"",p_sets_maint_lo&"-"&p_sets_maint_hi,p_sets_med_lo&"-"&p_sets_med_hi,p_sets_hard_lo&"-"&p_sets_hard_hi) -> 12-20 | H66: =MAX(IF(C66="hard",3,IF(C66="medium",2,IF(C66="maintenance",1,0))),IF(E66="hard",3,IF(E66="medium",2,IF(E66="maintenance",1,0)))) -> 3
A67: Calves | B67: =INDEX(s_mg_class,MATCH(A67,s_mg_names,0)) -> no data | C67: =IF(B67="weak","hard",IF(B67="strong","maintenance",IF(B67="no data","","medium"))) | D67: =IF(m_sex="female","","calf") | E67: =IF(D67="","",INDEX($D$37:$D$44,MATCH(D67,$A$37:$A$44,0))) | F67: =CHOOSE(H67+1,"no data","maintenance","medium","hard") -> no data | G67: =CHOOSE(H67+1,"",p_sets_maint_lo&"-"&p_sets_maint_hi,p_sets_med_lo&"-"&p_sets_med_hi,p_sets_hard_lo&"-"&p_sets_hard_hi) | H67: =MAX(IF(C67="hard",3,IF(C67="medium",2,IF(C67="maintenance",1,0))),IF(E67="hard",3,IF(E67="medium",2,IF(E67="maintenance",1,0)))) -> 0
A68: Groups whose strength class rests on one lift (e.g. hip flexors, adductors: squat only) really point at that lift.
A70: 6. Exercises, highest priority first (compounds before isolations within a tier)
A71: Compounds take the higher of their pattern's strength tier and their primary group's size tier; isolations take their primary group's size tier (maintenance where the group has no measured body part).
A72: exercise | B72: type | C72: priority | D72: scored lift | E72: trains
A73: =INDEX($K$73:$K$111,MATCH(LARGE($M$73:$M$111,1),$M$73:$M$111,0)) -> Back squat | B73: =INDEX($O$73:$O$111,MATCH(LARGE($M$73:$M$111,1),$M$73:$M$111,0)) -> compound (major) | C73: =CHOOSE(INDEX($L$73:$L$111,MATCH(LARGE($M$73:$M$111,1),$M$73:$M$111,0))+1,"none","maintenance","medium","hard") -> hard | D73: =INDEX($P$73:$P$111,MATCH(LARGE($M$73:$M$111,1),$M$73:$M$111,0)) -> squat | E73: =INDEX($N$73:$N$111,MATCH(LARGE($M$73:$M$111,1),$M$73:$M$111,0)) -> Spinal erectors, Glutes, Quads, Hip adductors | K73: =Parameters!$A$276 -> Back squat | L73: =IF(LEFT(Parameters!$B$276,8)="compound",MAX(IF(IFERROR(INDEX($E$29:$E$33,MATCH(Parameters!$C$276,$A$29:$A$33,0)),"")="hard",3,IF(IFERROR(INDEX($E$29:$E$33,MATCH(Parameters!$C$276,$A$29:$A$33,0)),"")="medium",2,IF(IFERROR(INDEX($E$29:$E$33,MATCH(Parameters!$C$276,$A$29:$A$33,0)),"")="maintenance",1,0))),IF(IFERROR(INDEX($E$48:$E$67,MATCH(Parameters!$D$276,$A$48:$A$67,0)),"")="hard",3,IF(IFERROR(INDEX($E$48:$E$67,MATCH(Parameters!$D$276,$A$48:$A$67,0)),"")="medium",2,IF(IFERROR(INDEX($E$48:$E$67,MATCH(Parameters!$D$276,$A$48:$A$67,0)),"")="maintenance",1,0)))),MAX(1,IF(IFERROR(INDEX($E$48:$E$67,MATCH(Parameters!$D$276,$A$48:$A$67,0)),"")="hard",3,IF(IFERROR(INDEX($E$48:$E$67,MATCH(Parameters!$D$276,$A$48:$A$67,0)),"")="medium",2,IF(IFERROR(INDEX($E$48:$E$67,MATCH(Parameters!$D$276,$A$48:$A$67,0)),"")="maintenance",1,0))))) -> 3 | M73: =L73*10+IF(LEFT(Parameters!$B$276,8)="compound",1,0)-ROW()/1000000 -> 30.999927 | N73: {=_xlfn.TEXTJOIN(", ",TRUE(),IF(Parameters!$F$276:$Y$276=1,Parameters!$F$275:$Y$275,""))} -> Spinal erectors, Glutes, Quads, Hip adductors | O73: =Parameters!$B$276 -> compound (major) | P73: =IF(Parameters!$E$276="","",Parameters!$E$276) -> squat
A74: =INDEX($K$73:$K$111,MATCH(LARGE($M$73:$M$111,2),$M$73:$M$111,0)) -> Front squat | B74: =INDEX($O$73:$O$111,MATCH(LARGE($M$73:$M$111,2),$M$73:$M$111,0)) -> compound (major) | C74: =CHOOSE(INDEX($L$73:$L$111,MATCH(LARGE($M$73:$M$111,2),$M$73:$M$111,0))+1,"none","maintenance","medium","hard") -> hard | D74: =INDEX($P$73:$P$111,MATCH(LARGE($M$73:$M$111,2),$M$73:$M$111,0)) -> front_squat | E74: =INDEX($N$73:$N$111,MATCH(LARGE($M$73:$M$111,2),$M$73:$M$111,0)) -> Abdominals, Glutes, Quads | K74: =Parameters!$A$277 -> Front squat | L74: =IF(LEFT(Parameters!$B$277,8)="compound",MAX(IF(IFERROR(INDEX($E$29:$E$33,MATCH(Parameters!$C$277,$A$29:$A$33,0)),"")="hard",3,IF(IFERROR(INDEX($E$29:$E$33,MATCH(Parameters!$C$277,$A$29:$A$33,0)),"")="medium",2,IF(IFERROR(INDEX($E$29:$E$33,MATCH(Parameters!$C$277,$A$29:$A$33,0)),"")="maintenance",1,0))),IF(IFERROR(INDEX($E$48:$E$67,MATCH(Parameters!$D$277,$A$48:$A$67,0)),"")="hard",3,IF(IFERROR(INDEX($E$48:$E$67,MATCH(Parameters!$D$277,$A$48:$A$67,0)),"")="medium",2,IF(IFERROR(INDEX($E$48:$E$67,MATCH(Parameters!$D$277,$A$48:$A$67,0)),"")="maintenance",1,0)))),MAX(1,IF(IFERROR(INDEX($E$48:$E$67,MATCH(Parameters!$D$277,$A$48:$A$67,0)),"")="hard",3,IF(IFERROR(INDEX($E$48:$E$67,MATCH(Parameters!$D$277,$A$48:$A$67,0)),"")="medium",2,IF(IFERROR(INDEX($E$48:$E$67,MATCH(Parameters!$D$277,$A$48:$A$67,0)),"")="maintenance",1,0))))) -> 3 | M74: =L74*10+IF(LEFT(Parameters!$B$277,8)="compound",1,0)-ROW()/1000000 -> 30.999926 | N74: {=_xlfn.TEXTJOIN(", ",TRUE(),IF(Parameters!$F$277:$Y$277=1,Parameters!$F$275:$Y$275,""))} -> Abdominals, Glutes, Quads | O74: =Parameters!$B$277 -> compound (major) | P74: =IF(Parameters!$E$277="","",Parameters!$E$277) -> front_squat
A75: =INDEX($K$73:$K$111,MATCH(LARGE($M$73:$M$111,3),$M$73:$M$111,0)) -> Leg press | B75: =INDEX($O$73:$O$111,MATCH(LARGE($M$73:$M$111,3),$M$73:$M$111,0)) -> compound (major) | C75: =CHOOSE(INDEX($L$73:$L$111,MATCH(LARGE($M$73:$M$111,3),$M$73:$M$111,0))+1,"none","maintenance","medium","hard") -> hard | D75: =INDEX($P$73:$P$111,MATCH(LARGE($M$73:$M$111,3),$M$73:$M$111,0)) -> leg_press | E75: =INDEX($N$73:$N$111,MATCH(LARGE($M$73:$M$111,3),$M$73:$M$111,0)) -> Glutes, Quads, Hip adductors | K75: =Parameters!$A$278 -> Leg press | L75: =IF(LEFT(Parameters!$B$278,8)="compound",MAX(IF(IFERROR(INDEX($E$29:$E$33,MATCH(Parameters!$C$278,$A$29:$A$33,0)),"")="hard",3,IF(IFERROR(INDEX($E$29:$E$33,MATCH(Parameters!$C$278,$A$29:$A$33,0)),"")="medium",2,IF(IFERROR(INDEX($E$29:$E$33,MATCH(Parameters!$C$278,$A$29:$A$33,0)),"")="maintenance",1,0))),IF(IFERROR(INDEX($E$48:$E$67,MATCH(Parameters!$D$278,$A$48:$A$67,0)),"")="hard",3,IF(IFERROR(INDEX($E$48:$E$67,MATCH(Parameters!$D$278,$A$48:$A$67,0)),"")="medium",2,IF(IFERROR(INDEX($E$48:$E$67,MATCH(Parameters!$D$278,$A$48:$A$67,0)),"")="maintenance",1,0)))),MAX(1,IF(IFERROR(INDEX($E$48:$E$67,MATCH(Parameters!$D$278,$A$48:$A$67,0)),"")="hard",3,IF(IFERROR(INDEX($E$48:$E$67,MATCH(Parameters!$D$278,$A$48:$A$67,0)),"")="medium",2,IF(IFERROR(INDEX($E$48:$E$67,MATCH(Parameters!$D$278,$A$48:$A$67,0)),"")="maintenance",1,0))))) -> 3 | M75: =L75*10+IF(LEFT(Parameters!$B$278,8)="compound",1,0)-ROW()/1000000 -> 30.999925 | N75: {=_xlfn.TEXTJOIN(", ",TRUE(),IF(Parameters!$F$278:$Y$278=1,Parameters!$F$275:$Y$275,""))} -> Glutes, Quads, Hip adductors | O75: =Parameters!$B$278 -> compound (major) | P75: =IF(Parameters!$E$278="","",Parameters!$E$278) -> leg_press
A76: =INDEX($K$73:$K$111,MATCH(LARGE($M$73:$M$111,4),$M$73:$M$111,0)) -> Bulgarian split squat | B76: =INDEX($O$73:$O$111,MATCH(LARGE($M$73:$M$111,4),$M$73:$M$111,0)) -> compound (major) | C76: =CHOOSE(INDEX($L$73:$L$111,MATCH(LARGE($M$73:$M$111,4),$M$73:$M$111,0))+1,"none","maintenance","medium","hard") -> hard | D76: =INDEX($P$73:$P$111,MATCH(LARGE($M$73:$M$111,4),$M$73:$M$111,0)) | E76: =INDEX($N$73:$N$111,MATCH(LARGE($M$73:$M$111,4),$M$73:$M$111,0)) -> Glutes, Quads, Hip adductors | K76: =Parameters!$A$279 -> Bulgarian split squat | L76: =IF(LEFT(Parameters!$B$279,8)="compound",MAX(IF(IFERROR(INDEX($E$29:$E$33,MATCH(Parameters!$C$279,$A$29:$A$33,0)),"")="hard",3,IF(IFERROR(INDEX($E$29:$E$33,MATCH(Parameters!$C$279,$A$29:$A$33,0)),"")="medium",2,IF(IFERROR(INDEX($E$29:$E$33,MATCH(Parameters!$C$279,$A$29:$A$33,0)),"")="maintenance",1,0))),IF(IFERROR(INDEX($E$48:$E$67,MATCH(Parameters!$D$279,$A$48:$A$67,0)),"")="hard",3,IF(IFERROR(INDEX($E$48:$E$67,MATCH(Parameters!$D$279,$A$48:$A$67,0)),"")="medium",2,IF(IFERROR(INDEX($E$48:$E$67,MATCH(Parameters!$D$279,$A$48:$A$67,0)),"")="maintenance",1,0)))),MAX(1,IF(IFERROR(INDEX($E$48:$E$67,MATCH(Parameters!$D$279,$A$48:$A$67,0)),"")="hard",3,IF(IFERROR(INDEX($E$48:$E$67,MATCH(Parameters!$D$279,$A$48:$A$67,0)),"")="medium",2,IF(IFERROR(INDEX($E$48:$E$67,MATCH(Parameters!$D$279,$A$48:$A$67,0)),"")="maintenance",1,0))))) -> 3 | M76: =L76*10+IF(LEFT(Parameters!$B$279,8)="compound",1,0)-ROW()/1000000 -> 30.999924 | N76: {=_xlfn.TEXTJOIN(", ",TRUE(),IF(Parameters!$F$279:$Y$279=1,Parameters!$F$275:$Y$275,""))} -> Glutes, Quads, Hip adductors | O76: =Parameters!$B$279 -> compound (major) | P76: =IF(Parameters!$E$279="","",Parameters!$E$279)
A77: =INDEX($K$73:$K$111,MATCH(LARGE($M$73:$M$111,5),$M$73:$M$111,0)) -> Bench press | B77: =INDEX($O$73:$O$111,MATCH(LARGE($M$73:$M$111,5),$M$73:$M$111,0)) -> compound (major) | C77: =CHOOSE(INDEX($L$73:$L$111,MATCH(LARGE($M$73:$M$111,5),$M$73:$M$111,0))+1,"none","maintenance","medium","hard") -> hard | D77: =INDEX($P$73:$P$111,MATCH(LARGE($M$73:$M$111,5),$M$73:$M$111,0)) -> bench | E77: =INDEX($N$73:$N$111,MATCH(LARGE($M$73:$M$111,5),$M$73:$M$111,0)) -> Anterior delts, Pecs, Triceps | K77: =Parameters!$A$280 -> Deadlift | L77: =IF(LEFT(Parameters!$B$280,8)="compound",MAX(IF(IFERROR(INDEX($E$29:$E$33,MATCH(Parameters!$C$280,$A$29:$A$33,0)),"")="hard",3,IF(IFERROR(INDEX($E$29:$E$33,MATCH(Parameters!$C$280,$A$29:$A$33,0)),"")="medium",2,IF(IFERROR(INDEX($E$29:$E$33,MATCH(Parameters!$C$280,$A$29:$A$33,0)),"")="maintenance",1,0))),IF(IFERROR(INDEX($E$48:$E$67,MATCH(Parameters!$D$280,$A$48:$A$67,0)),"")="hard",3,IF(IFERROR(INDEX($E$48:$E$67,MATCH(Parameters!$D$280,$A$48:$A$67,0)),"")="medium",2,IF(IFERROR(INDEX($E$48:$E$67,MATCH(Parameters!$D$280,$A$48:$A$67,0)),"")="maintenance",1,0)))),MAX(1,IF(IFERROR(INDEX($E$48:$E$67,MATCH(Parameters!$D$280,$A$48:$A$67,0)),"")="hard",3,IF(IFERROR(INDEX($E$48:$E$67,MATCH(Parameters!$D$280,$A$48:$A$67,0)),"")="medium",2,IF(IFERROR(INDEX($E$48:$E$67,MATCH(Parameters!$D$280,$A$48:$A$67,0)),"")="maintenance",1,0))))) -> 2 | M77: =L77*10+IF(LEFT(Parameters!$B$280,8)="compound",1,0)-ROW()/1000000 -> 20.999923 | N77: {=_xlfn.TEXTJOIN(", ",TRUE(),IF(Parameters!$F$280:$Y$280=1,Parameters!$F$275:$Y$275,""))} -> Upper traps, Forearms, Spinal erectors, Glutes, Hamstrings | O77: =Parameters!$B$280 -> compound (major) | P77: =IF(Parameters!$E$280="","",Parameters!$E$280) -> deadlift
A78: =INDEX($K$73:$K$111,MATCH(LARGE($M$73:$M$111,6),$M$73:$M$111,0)) -> Incline bench press | B78: =INDEX($O$73:$O$111,MATCH(LARGE($M$73:$M$111,6),$M$73:$M$111,0)) -> compound (major) | C78: =CHOOSE(INDEX($L$73:$L$111,MATCH(LARGE($M$73:$M$111,6),$M$73:$M$111,0))+1,"none","maintenance","medium","hard") -> hard | D78: =INDEX($P$73:$P$111,MATCH(LARGE($M$73:$M$111,6),$M$73:$M$111,0)) -> incline_bench | E78: =INDEX($N$73:$N$111,MATCH(LARGE($M$73:$M$111,6),$M$73:$M$111,0)) -> Anterior delts, Pecs, Triceps | K78: =Parameters!$A$281 -> Romanian deadlift | L78: =IF(LEFT(Parameters!$B$281,8)="compound",MAX(IF(IFERROR(INDEX($E$29:$E$33,MATCH(Parameters!$C$281,$A$29:$A$33,0)),"")="hard",3,IF(IFERROR(INDEX($E$29:$E$33,MATCH(Parameters!$C$281,$A$29:$A$33,0)),"")="medium",2,IF(IFERROR(INDEX($E$29:$E$33,MATCH(Parameters!$C$281,$A$29:$A$33,0)),"")="maintenance",1,0))),IF(IFERROR(INDEX($E$48:$E$67,MATCH(Parameters!$D$281,$A$48:$A$67,0)),"")="hard",3,IF(IFERROR(INDEX($E$48:$E$67,MATCH(Parameters!$D$281,$A$48:$A$67,0)),"")="medium",2,IF(IFERROR(INDEX($E$48:$E$67,MATCH(Parameters!$D$281,$A$48:$A$67,0)),"")="maintenance",1,0)))),MAX(1,IF(IFERROR(INDEX($E$48:$E$67,MATCH(Parameters!$D$281,$A$48:$A$67,0)),"")="hard",3,IF(IFERROR(INDEX($E$48:$E$67,MATCH(Parameters!$D$281,$A$48:$A$67,0)),"")="medium",2,IF(IFERROR(INDEX($E$48:$E$67,MATCH(Parameters!$D$281,$A$48:$A$67,0)),"")="maintenance",1,0))))) -> 2 | M78: =L78*10+IF(LEFT(Parameters!$B$281,8)="compound",1,0)-ROW()/1000000 -> 20.999922 | N78: {=_xlfn.TEXTJOIN(", ",TRUE(),IF(Parameters!$F$281:$Y$281=1,Parameters!$F$275:$Y$275,""))} -> Spinal erectors, Glutes, Hamstrings | O78: =Parameters!$B$281 -> compound (major) | P78: =IF(Parameters!$E$281="","",Parameters!$E$281)
A79: =INDEX($K$73:$K$111,MATCH(LARGE($M$73:$M$111,7),$M$73:$M$111,0)) -> Dumbbell bench press | B79: =INDEX($O$73:$O$111,MATCH(LARGE($M$73:$M$111,7),$M$73:$M$111,0)) -> compound (major) | C79: =CHOOSE(INDEX($L$73:$L$111,MATCH(LARGE($M$73:$M$111,7),$M$73:$M$111,0))+1,"none","maintenance","medium","hard") -> hard | D79: =INDEX($P$73:$P$111,MATCH(LARGE($M$73:$M$111,7),$M$73:$M$111,0)) | E79: =INDEX($N$73:$N$111,MATCH(LARGE($M$73:$M$111,7),$M$73:$M$111,0)) -> Anterior delts, Pecs, Triceps | K79: =Parameters!$A$282 -> Hip thrust | L79: =IF(LEFT(Parameters!$B$282,8)="compound",MAX(IF(IFERROR(INDEX($E$29:$E$33,MATCH(Parameters!$C$282,$A$29:$A$33,0)),"")="hard",3,IF(IFERROR(INDEX($E$29:$E$33,MATCH(Parameters!$C$282,$A$29:$A$33,0)),"")="medium",2,IF(IFERROR(INDEX($E$29:$E$33,MATCH(Parameters!$C$282,$A$29:$A$33,0)),"")="maintenance",1,0))),IF(IFERROR(INDEX($E$48:$E$67,MATCH(Parameters!$D$282,$A$48:$A$67,0)),"")="hard",3,IF(IFERROR(INDEX($E$48:$E$67,MATCH(Parameters!$D$282,$A$48:$A$67,0)),"")="medium",2,IF(IFERROR(INDEX($E$48:$E$67,MATCH(Parameters!$D$282,$A$48:$A$67,0)),"")="maintenance",1,0)))),MAX(1,IF(IFERROR(INDEX($E$48:$E$67,MATCH(Parameters!$D$282,$A$48:$A$67,0)),"")="hard",3,IF(IFERROR(INDEX($E$48:$E$67,MATCH(Parameters!$D$282,$A$48:$A$67,0)),"")="medium",2,IF(IFERROR(INDEX($E$48:$E$67,MATCH(Parameters!$D$282,$A$48:$A$67,0)),"")="maintenance",1,0))))) -> 2 | M79: =L79*10+IF(LEFT(Parameters!$B$282,8)="compound",1,0)-ROW()/1000000 -> 20.999921 | N79: {=_xlfn.TEXTJOIN(", ",TRUE(),IF(Parameters!$F$282:$Y$282=1,Parameters!$F$275:$Y$275,""))} -> Glutes, Hamstrings | O79: =Parameters!$B$282 -> compound (major) | P79: =IF(Parameters!$E$282="","",Parameters!$E$282)
A80: =INDEX($K$73:$K$111,MATCH(LARGE($M$73:$M$111,8),$M$73:$M$111,0)) -> Close-grip bench press | B80: =INDEX($O$73:$O$111,MATCH(LARGE($M$73:$M$111,8),$M$73:$M$111,0)) -> compound (major) | C80: =CHOOSE(INDEX($L$73:$L$111,MATCH(LARGE($M$73:$M$111,8),$M$73:$M$111,0))+1,"none","maintenance","medium","hard") -> hard | D80: =INDEX($P$73:$P$111,MATCH(LARGE($M$73:$M$111,8),$M$73:$M$111,0)) | E80: =INDEX($N$73:$N$111,MATCH(LARGE($M$73:$M$111,8),$M$73:$M$111,0)) -> Pecs, Triceps | K80: =Parameters!$A$283 -> Bench press | L80: =IF(LEFT(Parameters!$B$283,8)="compound",MAX(IF(IFERROR(INDEX($E$29:$E$33,MATCH(Parameters!$C$283,$A$29:$A$33,0)),"")="hard",3,IF(IFERROR(INDEX($E$29:$E$33,MATCH(Parameters!$C$283,$A$29:$A$33,0)),"")="medium",2,IF(IFERROR(INDEX($E$29:$E$33,MATCH(Parameters!$C$283,$A$29:$A$33,0)),"")="maintenance",1,0))),IF(IFERROR(INDEX($E$48:$E$67,MATCH(Parameters!$D$283,$A$48:$A$67,0)),"")="hard",3,IF(IFERROR(INDEX($E$48:$E$67,MATCH(Parameters!$D$283,$A$48:$A$67,0)),"")="medium",2,IF(IFERROR(INDEX($E$48:$E$67,MATCH(Parameters!$D$283,$A$48:$A$67,0)),"")="maintenance",1,0)))),MAX(1,IF(IFERROR(INDEX($E$48:$E$67,MATCH(Parameters!$D$283,$A$48:$A$67,0)),"")="hard",3,IF(IFERROR(INDEX($E$48:$E$67,MATCH(Parameters!$D$283,$A$48:$A$67,0)),"")="medium",2,IF(IFERROR(INDEX($E$48:$E$67,MATCH(Parameters!$D$283,$A$48:$A$67,0)),"")="maintenance",1,0))))) -> 3 | M80: =L80*10+IF(LEFT(Parameters!$B$283,8)="compound",1,0)-ROW()/1000000 -> 30.99992 | N80: {=_xlfn.TEXTJOIN(", ",TRUE(),IF(Parameters!$F$283:$Y$283=1,Parameters!$F$275:$Y$275,""))} -> Anterior delts, Pecs, Triceps | O80: =Parameters!$B$283 -> compound (major) | P80: =IF(Parameters!$E$283="","",Parameters!$E$283) -> bench
A81: =INDEX($K$73:$K$111,MATCH(LARGE($M$73:$M$111,9),$M$73:$M$111,0)) -> Dip | B81: =INDEX($O$73:$O$111,MATCH(LARGE($M$73:$M$111,9),$M$73:$M$111,0)) -> compound (major) | C81: =CHOOSE(INDEX($L$73:$L$111,MATCH(LARGE($M$73:$M$111,9),$M$73:$M$111,0))+1,"none","maintenance","medium","hard") -> hard | D81: =INDEX($P$73:$P$111,MATCH(LARGE($M$73:$M$111,9),$M$73:$M$111,0)) -> dip | E81: =INDEX($N$73:$N$111,MATCH(LARGE($M$73:$M$111,9),$M$73:$M$111,0)) -> Anterior delts, Pecs, Triceps | K81: =Parameters!$A$284 -> Incline bench press | L81: =IF(LEFT(Parameters!$B$284,8)="compound",MAX(IF(IFERROR(INDEX($E$29:$E$33,MATCH(Parameters!$C$284,$A$29:$A$33,0)),"")="hard",3,IF(IFERROR(INDEX($E$29:$E$33,MATCH(Parameters!$C$284,$A$29:$A$33,0)),"")="medium",2,IF(IFERROR(INDEX($E$29:$E$33,MATCH(Parameters!$C$284,$A$29:$A$33,0)),"")="maintenance",1,0))),IF(IFERROR(INDEX($E$48:$E$67,MATCH(Parameters!$D$284,$A$48:$A$67,0)),"")="hard",3,IF(IFERROR(INDEX($E$48:$E$67,MATCH(Parameters!$D$284,$A$48:$A$67,0)),"")="medium",2,IF(IFERROR(INDEX($E$48:$E$67,MATCH(Parameters!$D$284,$A$48:$A$67,0)),"")="maintenance",1,0)))),MAX(1,IF(IFERROR(INDEX($E$48:$E$67,MATCH(Parameters!$D$284,$A$48:$A$67,0)),"")="hard",3,IF(IFERROR(INDEX($E$48:$E$67,MATCH(Parameters!$D$284,$A$48:$A$67,0)),"")="medium",2,IF(IFERROR(INDEX($E$48:$E$67,MATCH(Parameters!$D$284,$A$48:$A$67,0)),"")="maintenance",1,0))))) -> 3 | M81: =L81*10+IF(LEFT(Parameters!$B$284,8)="compound",1,0)-ROW()/1000000 -> 30.999919 | N81: {=_xlfn.TEXTJOIN(", ",TRUE(),IF(Parameters!$F$284:$Y$284=1,Parameters!$F$275:$Y$275,""))} -> Anterior delts, Pecs, Triceps | O81: =Parameters!$B$284 -> compound (major) | P81: =IF(Parameters!$E$284="","",Parameters!$E$284) -> incline_bench
A82: =INDEX($K$73:$K$111,MATCH(LARGE($M$73:$M$111,10),$M$73:$M$111,0)) -> Deadlift | B82: =INDEX($O$73:$O$111,MATCH(LARGE($M$73:$M$111,10),$M$73:$M$111,0)) -> compound (major) | C82: =CHOOSE(INDEX($L$73:$L$111,MATCH(LARGE($M$73:$M$111,10),$M$73:$M$111,0))+1,"none","maintenance","medium","hard") -> medium | D82: =INDEX($P$73:$P$111,MATCH(LARGE($M$73:$M$111,10),$M$73:$M$111,0)) -> deadlift | E82: =INDEX($N$73:$N$111,MATCH(LARGE($M$73:$M$111,10),$M$73:$M$111,0)) -> Upper traps, Forearms, Spinal erectors, Glutes, Hamstrings | K82: =Parameters!$A$285 -> Dumbbell bench press | L82: =IF(LEFT(Parameters!$B$285,8)="compound",MAX(IF(IFERROR(INDEX($E$29:$E$33,MATCH(Parameters!$C$285,$A$29:$A$33,0)),"")="hard",3,IF(IFERROR(INDEX($E$29:$E$33,MATCH(Parameters!$C$285,$A$29:$A$33,0)),"")="medium",2,IF(IFERROR(INDEX($E$29:$E$33,MATCH(Parameters!$C$285,$A$29:$A$33,0)),"")="maintenance",1,0))),IF(IFERROR(INDEX($E$48:$E$67,MATCH(Parameters!$D$285,$A$48:$A$67,0)),"")="hard",3,IF(IFERROR(INDEX($E$48:$E$67,MATCH(Parameters!$D$285,$A$48:$A$67,0)),"")="medium",2,IF(IFERROR(INDEX($E$48:$E$67,MATCH(Parameters!$D$285,$A$48:$A$67,0)),"")="maintenance",1,0)))),MAX(1,IF(IFERROR(INDEX($E$48:$E$67,MATCH(Parameters!$D$285,$A$48:$A$67,0)),"")="hard",3,IF(IFERROR(INDEX($E$48:$E$67,MATCH(Parameters!$D$285,$A$48:$A$67,0)),"")="medium",2,IF(IFERROR(INDEX($E$48:$E$67,MATCH(Parameters!$D$285,$A$48:$A$67,0)),"")="maintenance",1,0))))) -> 3 | M82: =L82*10+IF(LEFT(Parameters!$B$285,8)="compound",1,0)-ROW()/1000000 -> 30.999918 | N82: {=_xlfn.TEXTJOIN(", ",TRUE(),IF(Parameters!$F$285:$Y$285=1,Parameters!$F$275:$Y$275,""))} -> Anterior delts, Pecs, Triceps | O82: =Parameters!$B$285 -> compound (major) | P82: =IF(Parameters!$E$285="","",Parameters!$E$285)
A83: =INDEX($K$73:$K$111,MATCH(LARGE($M$73:$M$111,11),$M$73:$M$111,0)) -> Romanian deadlift | B83: =INDEX($O$73:$O$111,MATCH(LARGE($M$73:$M$111,11),$M$73:$M$111,0)) -> compound (major) | C83: =CHOOSE(INDEX($L$73:$L$111,MATCH(LARGE($M$73:$M$111,11),$M$73:$M$111,0))+1,"none","maintenance","medium","hard") -> medium | D83: =INDEX($P$73:$P$111,MATCH(LARGE($M$73:$M$111,11),$M$73:$M$111,0)) | E83: =INDEX($N$73:$N$111,MATCH(LARGE($M$73:$M$111,11),$M$73:$M$111,0)) -> Spinal erectors, Glutes, Hamstrings | K83: =Parameters!$A$286 -> Close-grip bench press | L83: =IF(LEFT(Parameters!$B$286,8)="compound",MAX(IF(IFERROR(INDEX($E$29:$E$33,MATCH(Parameters!$C$286,$A$29:$A$33,0)),"")="hard",3,IF(IFERROR(INDEX($E$29:$E$33,MATCH(Parameters!$C$286,$A$29:$A$33,0)),"")="medium",2,IF(IFERROR(INDEX($E$29:$E$33,MATCH(Parameters!$C$286,$A$29:$A$33,0)),"")="maintenance",1,0))),IF(IFERROR(INDEX($E$48:$E$67,MATCH(Parameters!$D$286,$A$48:$A$67,0)),"")="hard",3,IF(IFERROR(INDEX($E$48:$E$67,MATCH(Parameters!$D$286,$A$48:$A$67,0)),"")="medium",2,IF(IFERROR(INDEX($E$48:$E$67,MATCH(Parameters!$D$286,$A$48:$A$67,0)),"")="maintenance",1,0)))),MAX(1,IF(IFERROR(INDEX($E$48:$E$67,MATCH(Parameters!$D$286,$A$48:$A$67,0)),"")="hard",3,IF(IFERROR(INDEX($E$48:$E$67,MATCH(Parameters!$D$286,$A$48:$A$67,0)),"")="medium",2,IF(IFERROR(INDEX($E$48:$E$67,MATCH(Parameters!$D$286,$A$48:$A$67,0)),"")="maintenance",1,0))))) -> 3 | M83: =L83*10+IF(LEFT(Parameters!$B$286,8)="compound",1,0)-ROW()/1000000 -> 30.999917 | N83: {=_xlfn.TEXTJOIN(", ",TRUE(),IF(Parameters!$F$286:$Y$286=1,Parameters!$F$275:$Y$275,""))} -> Pecs, Triceps | O83: =Parameters!$B$286 -> compound (major) | P83: =IF(Parameters!$E$286="","",Parameters!$E$286)
A84: =INDEX($K$73:$K$111,MATCH(LARGE($M$73:$M$111,12),$M$73:$M$111,0)) -> Hip thrust | B84: =INDEX($O$73:$O$111,MATCH(LARGE($M$73:$M$111,12),$M$73:$M$111,0)) -> compound (major) | C84: =CHOOSE(INDEX($L$73:$L$111,MATCH(LARGE($M$73:$M$111,12),$M$73:$M$111,0))+1,"none","maintenance","medium","hard") -> medium | D84: =INDEX($P$73:$P$111,MATCH(LARGE($M$73:$M$111,12),$M$73:$M$111,0)) | E84: =INDEX($N$73:$N$111,MATCH(LARGE($M$73:$M$111,12),$M$73:$M$111,0)) -> Glutes, Hamstrings | K84: =Parameters!$A$287 -> Dip | L84: =IF(LEFT(Parameters!$B$287,8)="compound",MAX(IF(IFERROR(INDEX($E$29:$E$33,MATCH(Parameters!$C$287,$A$29:$A$33,0)),"")="hard",3,IF(IFERROR(INDEX($E$29:$E$33,MATCH(Parameters!$C$287,$A$29:$A$33,0)),"")="medium",2,IF(IFERROR(INDEX($E$29:$E$33,MATCH(Parameters!$C$287,$A$29:$A$33,0)),"")="maintenance",1,0))),IF(IFERROR(INDEX($E$48:$E$67,MATCH(Parameters!$D$287,$A$48:$A$67,0)),"")="hard",3,IF(IFERROR(INDEX($E$48:$E$67,MATCH(Parameters!$D$287,$A$48:$A$67,0)),"")="medium",2,IF(IFERROR(INDEX($E$48:$E$67,MATCH(Parameters!$D$287,$A$48:$A$67,0)),"")="maintenance",1,0)))),MAX(1,IF(IFERROR(INDEX($E$48:$E$67,MATCH(Parameters!$D$287,$A$48:$A$67,0)),"")="hard",3,IF(IFERROR(INDEX($E$48:$E$67,MATCH(Parameters!$D$287,$A$48:$A$67,0)),"")="medium",2,IF(IFERROR(INDEX($E$48:$E$67,MATCH(Parameters!$D$287,$A$48:$A$67,0)),"")="maintenance",1,0))))) -> 3 | M84: =L84*10+IF(LEFT(Parameters!$B$287,8)="compound",1,0)-ROW()/1000000 -> 30.999916 | N84: {=_xlfn.TEXTJOIN(", ",TRUE(),IF(Parameters!$F$287:$Y$287=1,Parameters!$F$275:$Y$275,""))} -> Anterior delts, Pecs, Triceps | O84: =Parameters!$B$287 -> compound (major) | P84: =IF(Parameters!$E$287="","",Parameters!$E$287) -> dip
A85: =INDEX($K$73:$K$111,MATCH(LARGE($M$73:$M$111,13),$M$73:$M$111,0)) -> Chin-up | B85: =INDEX($O$73:$O$111,MATCH(LARGE($M$73:$M$111,13),$M$73:$M$111,0)) -> compound (major) | C85: =CHOOSE(INDEX($L$73:$L$111,MATCH(LARGE($M$73:$M$111,13),$M$73:$M$111,0))+1,"none","maintenance","medium","hard") -> medium | D85: =INDEX($P$73:$P$111,MATCH(LARGE($M$73:$M$111,13),$M$73:$M$111,0)) -> chin_up | E85: =INDEX($N$73:$N$111,MATCH(LARGE($M$73:$M$111,13),$M$73:$M$111,0)) -> Posterior delts, Biceps, Lats | K85: =Parameters!$A$288 -> Overhead press | L85: =IF(LEFT(Parameters!$B$288,8)="compound",MAX(IF(IFERROR(INDEX($E$29:$E$33,MATCH(Parameters!$C$288,$A$29:$A$33,0)),"")="hard",3,IF(IFERROR(INDEX($E$29:$E$33,MATCH(Parameters!$C$288,$A$29:$A$33,0)),"")="medium",2,IF(IFERROR(INDEX($E$29:$E$33,MATCH(Parameters!$C$288,$A$29:$A$33,0)),"")="maintenance",1,0))),IF(IFERROR(INDEX($E$48:$E$67,MATCH(Parameters!$D$288,$A$48:$A$67,0)),"")="hard",3,IF(IFERROR(INDEX($E$48:$E$67,MATCH(Parameters!$D$288,$A$48:$A$67,0)),"")="medium",2,IF(IFERROR(INDEX($E$48:$E$67,MATCH(Parameters!$D$288,$A$48:$A$67,0)),"")="maintenance",1,0)))),MAX(1,IF(IFERROR(INDEX($E$48:$E$67,MATCH(Parameters!$D$288,$A$48:$A$67,0)),"")="hard",3,IF(IFERROR(INDEX($E$48:$E$67,MATCH(Parameters!$D$288,$A$48:$A$67,0)),"")="medium",2,IF(IFERROR(INDEX($E$48:$E$67,MATCH(Parameters!$D$288,$A$48:$A$67,0)),"")="maintenance",1,0))))) -> 1 | M85: =L85*10+IF(LEFT(Parameters!$B$288,8)="compound",1,0)-ROW()/1000000 -> 10.999915 | N85: {=_xlfn.TEXTJOIN(", ",TRUE(),IF(Parameters!$F$288:$Y$288=1,Parameters!$F$275:$Y$275,""))} -> Anterior delts, Lateral delts, Triceps | O85: =Parameters!$B$288 -> compound (major) | P85: =IF(Parameters!$E$288="","",Parameters!$E$288) -> ohp
A86: =INDEX($K$73:$K$111,MATCH(LARGE($M$73:$M$111,14),$M$73:$M$111,0)) -> Pull-up | B86: =INDEX($O$73:$O$111,MATCH(LARGE($M$73:$M$111,14),$M$73:$M$111,0)) -> compound (major) | C86: =CHOOSE(INDEX($L$73:$L$111,MATCH(LARGE($M$73:$M$111,14),$M$73:$M$111,0))+1,"none","maintenance","medium","hard") -> medium | D86: =INDEX($P$73:$P$111,MATCH(LARGE($M$73:$M$111,14),$M$73:$M$111,0)) -> pull_up | E86: =INDEX($N$73:$N$111,MATCH(LARGE($M$73:$M$111,14),$M$73:$M$111,0)) -> Lower traps, Biceps, Lats | K86: =Parameters!$A$289 -> Dumbbell shoulder press | L86: =IF(LEFT(Parameters!$B$289,8)="compound",MAX(IF(IFERROR(INDEX($E$29:$E$33,MATCH(Parameters!$C$289,$A$29:$A$33,0)),"")="hard",3,IF(IFERROR(INDEX($E$29:$E$33,MATCH(Parameters!$C$289,$A$29:$A$33,0)),"")="medium",2,IF(IFERROR(INDEX($E$29:$E$33,MATCH(Parameters!$C$289,$A$29:$A$33,0)),"")="maintenance",1,0))),IF(IFERROR(INDEX($E$48:$E$67,MATCH(Parameters!$D$289,$A$48:$A$67,0)),"")="hard",3,IF(IFERROR(INDEX($E$48:$E$67,MATCH(Parameters!$D$289,$A$48:$A$67,0)),"")="medium",2,IF(IFERROR(INDEX($E$48:$E$67,MATCH(Parameters!$D$289,$A$48:$A$67,0)),"")="maintenance",1,0)))),MAX(1,IF(IFERROR(INDEX($E$48:$E$67,MATCH(Parameters!$D$289,$A$48:$A$67,0)),"")="hard",3,IF(IFERROR(INDEX($E$48:$E$67,MATCH(Parameters!$D$289,$A$48:$A$67,0)),"")="medium",2,IF(IFERROR(INDEX($E$48:$E$67,MATCH(Parameters!$D$289,$A$48:$A$67,0)),"")="maintenance",1,0))))) -> 1 | M86: =L86*10+IF(LEFT(Parameters!$B$289,8)="compound",1,0)-ROW()/1000000 -> 10.999914 | N86: {=_xlfn.TEXTJOIN(", ",TRUE(),IF(Parameters!$F$289:$Y$289=1,Parameters!$F$275:$Y$275,""))} -> Anterior delts, Lateral delts, Triceps | O86: =Parameters!$B$289 -> compound (major) | P86: =IF(Parameters!$E$289="","",Parameters!$E$289)
A87: =INDEX($K$73:$K$111,MATCH(LARGE($M$73:$M$111,15),$M$73:$M$111,0)) -> Lat pulldown | B87: =INDEX($O$73:$O$111,MATCH(LARGE($M$73:$M$111,15),$M$73:$M$111,0)) -> compound (major) | C87: =CHOOSE(INDEX($L$73:$L$111,MATCH(LARGE($M$73:$M$111,15),$M$73:$M$111,0))+1,"none","maintenance","medium","hard") -> medium | D87: =INDEX($P$73:$P$111,MATCH(LARGE($M$73:$M$111,15),$M$73:$M$111,0)) -> lat_pulldown | E87: =INDEX($N$73:$N$111,MATCH(LARGE($M$73:$M$111,15),$M$73:$M$111,0)) -> Biceps, Lats | K87: =Parameters!$A$290 -> Chin-up | L87: =IF(LEFT(Parameters!$B$290,8)="compound",MAX(IF(IFERROR(INDEX($E$29:$E$33,MATCH(Parameters!$C$290,$A$29:$A$33,0)),"")="hard",3,IF(IFERROR(INDEX($E$29:$E$33,MATCH(Parameters!$C$290,$A$29:$A$33,0)),"")="medium",2,IF(IFERROR(INDEX($E$29:$E$33,MATCH(Parameters!$C$290,$A$29:$A$33,0)),"")="maintenance",1,0))),IF(IFERROR(INDEX($E$48:$E$67,MATCH(Parameters!$D$290,$A$48:$A$67,0)),"")="hard",3,IF(IFERROR(INDEX($E$48:$E$67,MATCH(Parameters!$D$290,$A$48:$A$67,0)),"")="medium",2,IF(IFERROR(INDEX($E$48:$E$67,MATCH(Parameters!$D$290,$A$48:$A$67,0)),"")="maintenance",1,0)))),MAX(1,IF(IFERROR(INDEX($E$48:$E$67,MATCH(Parameters!$D$290,$A$48:$A$67,0)),"")="hard",3,IF(IFERROR(INDEX($E$48:$E$67,MATCH(Parameters!$D$290,$A$48:$A$67,0)),"")="medium",2,IF(IFERROR(INDEX($E$48:$E$67,MATCH(Parameters!$D$290,$A$48:$A$67,0)),"")="maintenance",1,0))))) -> 2 | M87: =L87*10+IF(LEFT(Parameters!$B$290,8)="compound",1,0)-ROW()/1000000 -> 20.999913 | N87: {=_xlfn.TEXTJOIN(", ",TRUE(),IF(Parameters!$F$290:$Y$290=1,Parameters!$F$275:$Y$275,""))} -> Posterior delts, Biceps, Lats | O87: =Parameters!$B$290 -> compound (major) | P87: =IF(Parameters!$E$290="","",Parameters!$E$290) -> chin_up
A88: =INDEX($K$73:$K$111,MATCH(LARGE($M$73:$M$111,16),$M$73:$M$111,0)) -> Pendlay row | B88: =INDEX($O$73:$O$111,MATCH(LARGE($M$73:$M$111,16),$M$73:$M$111,0)) -> compound (major) | C88: =CHOOSE(INDEX($L$73:$L$111,MATCH(LARGE($M$73:$M$111,16),$M$73:$M$111,0))+1,"none","maintenance","medium","hard") -> medium | D88: =INDEX($P$73:$P$111,MATCH(LARGE($M$73:$M$111,16),$M$73:$M$111,0)) -> pendlay_row | E88: =INDEX($N$73:$N$111,MATCH(LARGE($M$73:$M$111,16),$M$73:$M$111,0)) -> Middle traps, Posterior delts, Biceps, Lats | K88: =Parameters!$A$291 -> Pull-up | L88: =IF(LEFT(Parameters!$B$291,8)="compound",MAX(IF(IFERROR(INDEX($E$29:$E$33,MATCH(Parameters!$C$291,$A$29:$A$33,0)),"")="hard",3,IF(IFERROR(INDEX($E$29:$E$33,MATCH(Parameters!$C$291,$A$29:$A$33,0)),"")="medium",2,IF(IFERROR(INDEX($E$29:$E$33,MATCH(Parameters!$C$291,$A$29:$A$33,0)),"")="maintenance",1,0))),IF(IFERROR(INDEX($E$48:$E$67,MATCH(Parameters!$D$291,$A$48:$A$67,0)),"")="hard",3,IF(IFERROR(INDEX($E$48:$E$67,MATCH(Parameters!$D$291,$A$48:$A$67,0)),"")="medium",2,IF(IFERROR(INDEX($E$48:$E$67,MATCH(Parameters!$D$291,$A$48:$A$67,0)),"")="maintenance",1,0)))),MAX(1,IF(IFERROR(INDEX($E$48:$E$67,MATCH(Parameters!$D$291,$A$48:$A$67,0)),"")="hard",3,IF(IFERROR(INDEX($E$48:$E$67,MATCH(Parameters!$D$291,$A$48:$A$67,0)),"")="medium",2,IF(IFERROR(INDEX($E$48:$E$67,MATCH(Parameters!$D$291,$A$48:$A$67,0)),"")="maintenance",1,0))))) -> 2 | M88: =L88*10+IF(LEFT(Parameters!$B$291,8)="compound",1,0)-ROW()/1000000 -> 20.999912 | N88: {=_xlfn.TEXTJOIN(", ",TRUE(),IF(Parameters!$F$291:$Y$291=1,Parameters!$F$275:$Y$275,""))} -> Lower traps, Biceps, Lats | O88: =Parameters!$B$291 -> compound (major) | P88: =IF(Parameters!$E$291="","",Parameters!$E$291) -> pull_up
A89: =INDEX($K$73:$K$111,MATCH(LARGE($M$73:$M$111,17),$M$73:$M$111,0)) -> Seated cable row | B89: =INDEX($O$73:$O$111,MATCH(LARGE($M$73:$M$111,17),$M$73:$M$111,0)) -> compound (major) | C89: =CHOOSE(INDEX($L$73:$L$111,MATCH(LARGE($M$73:$M$111,17),$M$73:$M$111,0))+1,"none","maintenance","medium","hard") -> medium | D89: =INDEX($P$73:$P$111,MATCH(LARGE($M$73:$M$111,17),$M$73:$M$111,0)) -> seated_cable_row | E89: =INDEX($N$73:$N$111,MATCH(LARGE($M$73:$M$111,17),$M$73:$M$111,0)) -> Middle traps, Posterior delts, Lats | K89: =Parameters!$A$292 -> Lat pulldown | L89: =IF(LEFT(Parameters!$B$292,8)="compound",MAX(IF(IFERROR(INDEX($E$29:$E$33,MATCH(Parameters!$C$292,$A$29:$A$33,0)),"")="hard",3,IF(IFERROR(INDEX($E$29:$E$33,MATCH(Parameters!$C$292,$A$29:$A$33,0)),"")="medium",2,IF(IFERROR(INDEX($E$29:$E$33,MATCH(Parameters!$C$292,$A$29:$A$33,0)),"")="maintenance",1,0))),IF(IFERROR(INDEX($E$48:$E$67,MATCH(Parameters!$D$292,$A$48:$A$67,0)),"")="hard",3,IF(IFERROR(INDEX($E$48:$E$67,MATCH(Parameters!$D$292,$A$48:$A$67,0)),"")="medium",2,IF(IFERROR(INDEX($E$48:$E$67,MATCH(Parameters!$D$292,$A$48:$A$67,0)),"")="maintenance",1,0)))),MAX(1,IF(IFERROR(INDEX($E$48:$E$67,MATCH(Parameters!$D$292,$A$48:$A$67,0)),"")="hard",3,IF(IFERROR(INDEX($E$48:$E$67,MATCH(Parameters!$D$292,$A$48:$A$67,0)),"")="medium",2,IF(IFERROR(INDEX($E$48:$E$67,MATCH(Parameters!$D$292,$A$48:$A$67,0)),"")="maintenance",1,0))))) -> 2 | M89: =L89*10+IF(LEFT(Parameters!$B$292,8)="compound",1,0)-ROW()/1000000 -> 20.999911 | N89: {=_xlfn.TEXTJOIN(", ",TRUE(),IF(Parameters!$F$292:$Y$292=1,Parameters!$F$275:$Y$275,""))} -> Biceps, Lats | O89: =Parameters!$B$292 -> compound (major) | P89: =IF(Parameters!$E$292="","",Parameters!$E$292) -> lat_pulldown
A90: =INDEX($K$73:$K$111,MATCH(LARGE($M$73:$M$111,18),$M$73:$M$111,0)) -> Farmer's carry | B90: =INDEX($O$73:$O$111,MATCH(LARGE($M$73:$M$111,18),$M$73:$M$111,0)) -> compound (major) | C90: =CHOOSE(INDEX($L$73:$L$111,MATCH(LARGE($M$73:$M$111,18),$M$73:$M$111,0))+1,"none","maintenance","medium","hard") -> medium | D90: =INDEX($P$73:$P$111,MATCH(LARGE($M$73:$M$111,18),$M$73:$M$111,0)) | E90: =INDEX($N$73:$N$111,MATCH(LARGE($M$73:$M$111,18),$M$73:$M$111,0)) -> Upper traps, Forearms, Obliques & serratus | K90: =Parameters!$A$293 -> Pendlay row | L90: =IF(LEFT(Parameters!$B$293,8)="compound",MAX(IF(IFERROR(INDEX($E$29:$E$33,MATCH(Parameters!$C$293,$A$29:$A$33,0)),"")="hard",3,IF(IFERROR(INDEX($E$29:$E$33,MATCH(Parameters!$C$293,$A$29:$A$33,0)),"")="medium",2,IF(IFERROR(INDEX($E$29:$E$33,MATCH(Parameters!$C$293,$A$29:$A$33,0)),"")="maintenance",1,0))),IF(IFERROR(INDEX($E$48:$E$67,MATCH(Parameters!$D$293,$A$48:$A$67,0)),"")="hard",3,IF(IFERROR(INDEX($E$48:$E$67,MATCH(Parameters!$D$293,$A$48:$A$67,0)),"")="medium",2,IF(IFERROR(INDEX($E$48:$E$67,MATCH(Parameters!$D$293,$A$48:$A$67,0)),"")="maintenance",1,0)))),MAX(1,IF(IFERROR(INDEX($E$48:$E$67,MATCH(Parameters!$D$293,$A$48:$A$67,0)),"")="hard",3,IF(IFERROR(INDEX($E$48:$E$67,MATCH(Parameters!$D$293,$A$48:$A$67,0)),"")="medium",2,IF(IFERROR(INDEX($E$48:$E$67,MATCH(Parameters!$D$293,$A$48:$A$67,0)),"")="maintenance",1,0))))) -> 2 | M90: =L90*10+IF(LEFT(Parameters!$B$293,8)="compound",1,0)-ROW()/1000000 -> 20.99991 | N90: {=_xlfn.TEXTJOIN(", ",TRUE(),IF(Parameters!$F$293:$Y$293=1,Parameters!$F$275:$Y$275,""))} -> Middle traps, Posterior delts, Biceps, Lats | O90: =Parameters!$B$293 -> compound (major) | P90: =IF(Parameters!$E$293="","",Parameters!$E$293) -> pendlay_row
A91: =INDEX($K$73:$K$111,MATCH(LARGE($M$73:$M$111,19),$M$73:$M$111,0)) -> Adductor machine | B91: =INDEX($O$73:$O$111,MATCH(LARGE($M$73:$M$111,19),$M$73:$M$111,0)) -> isolation (minor) | C91: =CHOOSE(INDEX($L$73:$L$111,MATCH(LARGE($M$73:$M$111,19),$M$73:$M$111,0))+1,"none","maintenance","medium","hard") -> medium | D91: =INDEX($P$73:$P$111,MATCH(LARGE($M$73:$M$111,19),$M$73:$M$111,0)) | E91: =INDEX($N$73:$N$111,MATCH(LARGE($M$73:$M$111,19),$M$73:$M$111,0)) -> Hip adductors | K91: =Parameters!$A$294 -> Seated cable row | L91: =IF(LEFT(Parameters!$B$294,8)="compound",MAX(IF(IFERROR(INDEX($E$29:$E$33,MATCH(Parameters!$C$294,$A$29:$A$33,0)),"")="hard",3,IF(IFERROR(INDEX($E$29:$E$33,MATCH(Parameters!$C$294,$A$29:$A$33,0)),"")="medium",2,IF(IFERROR(INDEX($E$29:$E$33,MATCH(Parameters!$C$294,$A$29:$A$33,0)),"")="maintenance",1,0))),IF(IFERROR(INDEX($E$48:$E$67,MATCH(Parameters!$D$294,$A$48:$A$67,0)),"")="hard",3,IF(IFERROR(INDEX($E$48:$E$67,MATCH(Parameters!$D$294,$A$48:$A$67,0)),"")="medium",2,IF(IFERROR(INDEX($E$48:$E$67,MATCH(Parameters!$D$294,$A$48:$A$67,0)),"")="maintenance",1,0)))),MAX(1,IF(IFERROR(INDEX($E$48:$E$67,MATCH(Parameters!$D$294,$A$48:$A$67,0)),"")="hard",3,IF(IFERROR(INDEX($E$48:$E$67,MATCH(Parameters!$D$294,$A$48:$A$67,0)),"")="medium",2,IF(IFERROR(INDEX($E$48:$E$67,MATCH(Parameters!$D$294,$A$48:$A$67,0)),"")="maintenance",1,0))))) -> 2 | M91: =L91*10+IF(LEFT(Parameters!$B$294,8)="compound",1,0)-ROW()/1000000 -> 20.999909 | N91: {=_xlfn.TEXTJOIN(", ",TRUE(),IF(Parameters!$F$294:$Y$294=1,Parameters!$F$275:$Y$275,""))} -> Middle traps, Posterior delts, Lats | O91: =Parameters!$B$294 -> compound (major) | P91: =IF(Parameters!$E$294="","",Parameters!$E$294) -> seated_cable_row
A92: =INDEX($K$73:$K$111,MATCH(LARGE($M$73:$M$111,20),$M$73:$M$111,0)) -> Overhead press | B92: =INDEX($O$73:$O$111,MATCH(LARGE($M$73:$M$111,20),$M$73:$M$111,0)) -> compound (major) | C92: =CHOOSE(INDEX($L$73:$L$111,MATCH(LARGE($M$73:$M$111,20),$M$73:$M$111,0))+1,"none","maintenance","medium","hard") -> maintenance | D92: =INDEX($P$73:$P$111,MATCH(LARGE($M$73:$M$111,20),$M$73:$M$111,0)) -> ohp | E92: =INDEX($N$73:$N$111,MATCH(LARGE($M$73:$M$111,20),$M$73:$M$111,0)) -> Anterior delts, Lateral delts, Triceps | K92: =Parameters!$A$295 -> Farmer's carry | L92: =IF(LEFT(Parameters!$B$295,8)="compound",MAX(IF(IFERROR(INDEX($E$29:$E$33,MATCH(Parameters!$C$295,$A$29:$A$33,0)),"")="hard",3,IF(IFERROR(INDEX($E$29:$E$33,MATCH(Parameters!$C$295,$A$29:$A$33,0)),"")="medium",2,IF(IFERROR(INDEX($E$29:$E$33,MATCH(Parameters!$C$295,$A$29:$A$33,0)),"")="maintenance",1,0))),IF(IFERROR(INDEX($E$48:$E$67,MATCH(Parameters!$D$295,$A$48:$A$67,0)),"")="hard",3,IF(IFERROR(INDEX($E$48:$E$67,MATCH(Parameters!$D$295,$A$48:$A$67,0)),"")="medium",2,IF(IFERROR(INDEX($E$48:$E$67,MATCH(Parameters!$D$295,$A$48:$A$67,0)),"")="maintenance",1,0)))),MAX(1,IF(IFERROR(INDEX($E$48:$E$67,MATCH(Parameters!$D$295,$A$48:$A$67,0)),"")="hard",3,IF(IFERROR(INDEX($E$48:$E$67,MATCH(Parameters!$D$295,$A$48:$A$67,0)),"")="medium",2,IF(IFERROR(INDEX($E$48:$E$67,MATCH(Parameters!$D$295,$A$48:$A$67,0)),"")="maintenance",1,0))))) -> 2 | M92: =L92*10+IF(LEFT(Parameters!$B$295,8)="compound",1,0)-ROW()/1000000 -> 20.999908 | N92: {=_xlfn.TEXTJOIN(", ",TRUE(),IF(Parameters!$F$295:$Y$295=1,Parameters!$F$275:$Y$275,""))} -> Upper traps, Forearms, Obliques & serratus | O92: =Parameters!$B$295 -> compound (major) | P92: =IF(Parameters!$E$295="","",Parameters!$E$295)
A93: =INDEX($K$73:$K$111,MATCH(LARGE($M$73:$M$111,21),$M$73:$M$111,0)) -> Dumbbell shoulder press | B93: =INDEX($O$73:$O$111,MATCH(LARGE($M$73:$M$111,21),$M$73:$M$111,0)) -> compound (major) | C93: =CHOOSE(INDEX($L$73:$L$111,MATCH(LARGE($M$73:$M$111,21),$M$73:$M$111,0))+1,"none","maintenance","medium","hard") -> maintenance | D93: =INDEX($P$73:$P$111,MATCH(LARGE($M$73:$M$111,21),$M$73:$M$111,0)) | E93: =INDEX($N$73:$N$111,MATCH(LARGE($M$73:$M$111,21),$M$73:$M$111,0)) -> Anterior delts, Lateral delts, Triceps | K93: =Parameters!$A$296 -> Leg extension | L93: =IF(LEFT(Parameters!$B$296,8)="compound",MAX(IF(IFERROR(INDEX($E$29:$E$33,MATCH(Parameters!$C$296,$A$29:$A$33,0)),"")="hard",3,IF(IFERROR(INDEX($E$29:$E$33,MATCH(Parameters!$C$296,$A$29:$A$33,0)),"")="medium",2,IF(IFERROR(INDEX($E$29:$E$33,MATCH(Parameters!$C$296,$A$29:$A$33,0)),"")="maintenance",1,0))),IF(IFERROR(INDEX($E$48:$E$67,MATCH(Parameters!$D$296,$A$48:$A$67,0)),"")="hard",3,IF(IFERROR(INDEX($E$48:$E$67,MATCH(Parameters!$D$296,$A$48:$A$67,0)),"")="medium",2,IF(IFERROR(INDEX($E$48:$E$67,MATCH(Parameters!$D$296,$A$48:$A$67,0)),"")="maintenance",1,0)))),MAX(1,IF(IFERROR(INDEX($E$48:$E$67,MATCH(Parameters!$D$296,$A$48:$A$67,0)),"")="hard",3,IF(IFERROR(INDEX($E$48:$E$67,MATCH(Parameters!$D$296,$A$48:$A$67,0)),"")="medium",2,IF(IFERROR(INDEX($E$48:$E$67,MATCH(Parameters!$D$296,$A$48:$A$67,0)),"")="maintenance",1,0))))) -> 1 | M93: =L93*10+IF(LEFT(Parameters!$B$296,8)="compound",1,0)-ROW()/1000000 -> 9.999907 | N93: {=_xlfn.TEXTJOIN(", ",TRUE(),IF(Parameters!$F$296:$Y$296=1,Parameters!$F$275:$Y$275,""))} -> Quads | O93: =Parameters!$B$296 -> isolation (minor) | P93: =IF(Parameters!$E$296="","",Parameters!$E$296)
A94: =INDEX($K$73:$K$111,MATCH(LARGE($M$73:$M$111,22),$M$73:$M$111,0)) -> Leg extension | B94: =INDEX($O$73:$O$111,MATCH(LARGE($M$73:$M$111,22),$M$73:$M$111,0)) -> isolation (minor) | C94: =CHOOSE(INDEX($L$73:$L$111,MATCH(LARGE($M$73:$M$111,22),$M$73:$M$111,0))+1,"none","maintenance","medium","hard") -> maintenance | D94: =INDEX($P$73:$P$111,MATCH(LARGE($M$73:$M$111,22),$M$73:$M$111,0)) | E94: =INDEX($N$73:$N$111,MATCH(LARGE($M$73:$M$111,22),$M$73:$M$111,0)) -> Quads | K94: =Parameters!$A$297 -> Leg curl | L94: =IF(LEFT(Parameters!$B$297,8)="compound",MAX(IF(IFERROR(INDEX($E$29:$E$33,MATCH(Parameters!$C$297,$A$29:$A$33,0)),"")="hard",3,IF(IFERROR(INDEX($E$29:$E$33,MATCH(Parameters!$C$297,$A$29:$A$33,0)),"")="medium",2,IF(IFERROR(INDEX($E$29:$E$33,MATCH(Parameters!$C$297,$A$29:$A$33,0)),"")="maintenance",1,0))),IF(IFERROR(INDEX($E$48:$E$67,MATCH(Parameters!$D$297,$A$48:$A$67,0)),"")="hard",3,IF(IFERROR(INDEX($E$48:$E$67,MATCH(Parameters!$D$297,$A$48:$A$67,0)),"")="medium",2,IF(IFERROR(INDEX($E$48:$E$67,MATCH(Parameters!$D$297,$A$48:$A$67,0)),"")="maintenance",1,0)))),MAX(1,IF(IFERROR(INDEX($E$48:$E$67,MATCH(Parameters!$D$297,$A$48:$A$67,0)),"")="hard",3,IF(IFERROR(INDEX($E$48:$E$67,MATCH(Parameters!$D$297,$A$48:$A$67,0)),"")="medium",2,IF(IFERROR(INDEX($E$48:$E$67,MATCH(Parameters!$D$297,$A$48:$A$67,0)),"")="maintenance",1,0))))) -> 1 | M94: =L94*10+IF(LEFT(Parameters!$B$297,8)="compound",1,0)-ROW()/1000000 -> 9.999906 | N94: {=_xlfn.TEXTJOIN(", ",TRUE(),IF(Parameters!$F$297:$Y$297=1,Parameters!$F$275:$Y$275,""))} -> Hamstrings | O94: =Parameters!$B$297 -> isolation (minor) | P94: =IF(Parameters!$E$297="","",Parameters!$E$297)
A95: =INDEX($K$73:$K$111,MATCH(LARGE($M$73:$M$111,23),$M$73:$M$111,0)) -> Leg curl | B95: =INDEX($O$73:$O$111,MATCH(LARGE($M$73:$M$111,23),$M$73:$M$111,0)) -> isolation (minor) | C95: =CHOOSE(INDEX($L$73:$L$111,MATCH(LARGE($M$73:$M$111,23),$M$73:$M$111,0))+1,"none","maintenance","medium","hard") -> maintenance | D95: =INDEX($P$73:$P$111,MATCH(LARGE($M$73:$M$111,23),$M$73:$M$111,0)) | E95: =INDEX($N$73:$N$111,MATCH(LARGE($M$73:$M$111,23),$M$73:$M$111,0)) -> Hamstrings | K95: =Parameters!$A$298 -> Adductor machine | L95: =IF(LEFT(Parameters!$B$298,8)="compound",MAX(IF(IFERROR(INDEX($E$29:$E$33,MATCH(Parameters!$C$298,$A$29:$A$33,0)),"")="hard",3,IF(IFERROR(INDEX($E$29:$E$33,MATCH(Parameters!$C$298,$A$29:$A$33,0)),"")="medium",2,IF(IFERROR(INDEX($E$29:$E$33,MATCH(Parameters!$C$298,$A$29:$A$33,0)),"")="maintenance",1,0))),IF(IFERROR(INDEX($E$48:$E$67,MATCH(Parameters!$D$298,$A$48:$A$67,0)),"")="hard",3,IF(IFERROR(INDEX($E$48:$E$67,MATCH(Parameters!$D$298,$A$48:$A$67,0)),"")="medium",2,IF(IFERROR(INDEX($E$48:$E$67,MATCH(Parameters!$D$298,$A$48:$A$67,0)),"")="maintenance",1,0)))),MAX(1,IF(IFERROR(INDEX($E$48:$E$67,MATCH(Parameters!$D$298,$A$48:$A$67,0)),"")="hard",3,IF(IFERROR(INDEX($E$48:$E$67,MATCH(Parameters!$D$298,$A$48:$A$67,0)),"")="medium",2,IF(IFERROR(INDEX($E$48:$E$67,MATCH(Parameters!$D$298,$A$48:$A$67,0)),"")="maintenance",1,0))))) -> 2 | M95: =L95*10+IF(LEFT(Parameters!$B$298,8)="compound",1,0)-ROW()/1000000 -> 19.999905 | N95: {=_xlfn.TEXTJOIN(", ",TRUE(),IF(Parameters!$F$298:$Y$298=1,Parameters!$F$275:$Y$275,""))} -> Hip adductors | O95: =Parameters!$B$298 -> isolation (minor) | P95: =IF(Parameters!$E$298="","",Parameters!$E$298)
A96: =INDEX($K$73:$K$111,MATCH(LARGE($M$73:$M$111,24),$M$73:$M$111,0)) -> Standing calf raise | B96: =INDEX($O$73:$O$111,MATCH(LARGE($M$73:$M$111,24),$M$73:$M$111,0)) -> isolation (minor) | C96: =CHOOSE(INDEX($L$73:$L$111,MATCH(LARGE($M$73:$M$111,24),$M$73:$M$111,0))+1,"none","maintenance","medium","hard") -> maintenance | D96: =INDEX($P$73:$P$111,MATCH(LARGE($M$73:$M$111,24),$M$73:$M$111,0)) | E96: =INDEX($N$73:$N$111,MATCH(LARGE($M$73:$M$111,24),$M$73:$M$111,0)) -> Calves | K96: =Parameters!$A$299 -> Standing calf raise | L96: =IF(LEFT(Parameters!$B$299,8)="compound",MAX(IF(IFERROR(INDEX($E$29:$E$33,MATCH(Parameters!$C$299,$A$29:$A$33,0)),"")="hard",3,IF(IFERROR(INDEX($E$29:$E$33,MATCH(Parameters!$C$299,$A$29:$A$33,0)),"")="medium",2,IF(IFERROR(INDEX($E$29:$E$33,MATCH(Parameters!$C$299,$A$29:$A$33,0)),"")="maintenance",1,0))),IF(IFERROR(INDEX($E$48:$E$67,MATCH(Parameters!$D$299,$A$48:$A$67,0)),"")="hard",3,IF(IFERROR(INDEX($E$48:$E$67,MATCH(Parameters!$D$299,$A$48:$A$67,0)),"")="medium",2,IF(IFERROR(INDEX($E$48:$E$67,MATCH(Parameters!$D$299,$A$48:$A$67,0)),"")="maintenance",1,0)))),MAX(1,IF(IFERROR(INDEX($E$48:$E$67,MATCH(Parameters!$D$299,$A$48:$A$67,0)),"")="hard",3,IF(IFERROR(INDEX($E$48:$E$67,MATCH(Parameters!$D$299,$A$48:$A$67,0)),"")="medium",2,IF(IFERROR(INDEX($E$48:$E$67,MATCH(Parameters!$D$299,$A$48:$A$67,0)),"")="maintenance",1,0))))) -> 1 | M96: =L96*10+IF(LEFT(Parameters!$B$299,8)="compound",1,0)-ROW()/1000000 -> 9.999904 | N96: {=_xlfn.TEXTJOIN(", ",TRUE(),IF(Parameters!$F$299:$Y$299=1,Parameters!$F$275:$Y$275,""))} -> Calves | O96: =Parameters!$B$299 -> isolation (minor) | P96: =IF(Parameters!$E$299="","",Parameters!$E$299)
A97: =INDEX($K$73:$K$111,MATCH(LARGE($M$73:$M$111,25),$M$73:$M$111,0)) -> Seated calf raise | B97: =INDEX($O$73:$O$111,MATCH(LARGE($M$73:$M$111,25),$M$73:$M$111,0)) -> isolation (minor) | C97: =CHOOSE(INDEX($L$73:$L$111,MATCH(LARGE($M$73:$M$111,25),$M$73:$M$111,0))+1,"none","maintenance","medium","hard") -> maintenance | D97: =INDEX($P$73:$P$111,MATCH(LARGE($M$73:$M$111,25),$M$73:$M$111,0)) | E97: =INDEX($N$73:$N$111,MATCH(LARGE($M$73:$M$111,25),$M$73:$M$111,0)) -> Calves | K97: =Parameters!$A$300 -> Seated calf raise | L97: =IF(LEFT(Parameters!$B$300,8)="compound",MAX(IF(IFERROR(INDEX($E$29:$E$33,MATCH(Parameters!$C$300,$A$29:$A$33,0)),"")="hard",3,IF(IFERROR(INDEX($E$29:$E$33,MATCH(Parameters!$C$300,$A$29:$A$33,0)),"")="medium",2,IF(IFERROR(INDEX($E$29:$E$33,MATCH(Parameters!$C$300,$A$29:$A$33,0)),"")="maintenance",1,0))),IF(IFERROR(INDEX($E$48:$E$67,MATCH(Parameters!$D$300,$A$48:$A$67,0)),"")="hard",3,IF(IFERROR(INDEX($E$48:$E$67,MATCH(Parameters!$D$300,$A$48:$A$67,0)),"")="medium",2,IF(IFERROR(INDEX($E$48:$E$67,MATCH(Parameters!$D$300,$A$48:$A$67,0)),"")="maintenance",1,0)))),MAX(1,IF(IFERROR(INDEX($E$48:$E$67,MATCH(Parameters!$D$300,$A$48:$A$67,0)),"")="hard",3,IF(IFERROR(INDEX($E$48:$E$67,MATCH(Parameters!$D$300,$A$48:$A$67,0)),"")="medium",2,IF(IFERROR(INDEX($E$48:$E$67,MATCH(Parameters!$D$300,$A$48:$A$67,0)),"")="maintenance",1,0))))) -> 1 | M97: =L97*10+IF(LEFT(Parameters!$B$300,8)="compound",1,0)-ROW()/1000000 -> 9.999903 | N97: {=_xlfn.TEXTJOIN(", ",TRUE(),IF(Parameters!$F$300:$Y$300=1,Parameters!$F$275:$Y$275,""))} -> Calves | O97: =Parameters!$B$300 -> isolation (minor) | P97: =IF(Parameters!$E$300="","",Parameters!$E$300)
A98: =INDEX($K$73:$K$111,MATCH(LARGE($M$73:$M$111,26),$M$73:$M$111,0)) -> Back extension | B98: =INDEX($O$73:$O$111,MATCH(LARGE($M$73:$M$111,26),$M$73:$M$111,0)) -> isolation (minor) | C98: =CHOOSE(INDEX($L$73:$L$111,MATCH(LARGE($M$73:$M$111,26),$M$73:$M$111,0))+1,"none","maintenance","medium","hard") -> maintenance | D98: =INDEX($P$73:$P$111,MATCH(LARGE($M$73:$M$111,26),$M$73:$M$111,0)) | E98: =INDEX($N$73:$N$111,MATCH(LARGE($M$73:$M$111,26),$M$73:$M$111,0)) -> Spinal erectors, Glutes | K98: =Parameters!$A$301 -> Back extension | L98: =IF(LEFT(Parameters!$B$301,8)="compound",MAX(IF(IFERROR(INDEX($E$29:$E$33,MATCH(Parameters!$C$301,$A$29:$A$33,0)),"")="hard",3,IF(IFERROR(INDEX($E$29:$E$33,MATCH(Parameters!$C$301,$A$29:$A$33,0)),"")="medium",2,IF(IFERROR(INDEX($E$29:$E$33,MATCH(Parameters!$C$301,$A$29:$A$33,0)),"")="maintenance",1,0))),IF(IFERROR(INDEX($E$48:$E$67,MATCH(Parameters!$D$301,$A$48:$A$67,0)),"")="hard",3,IF(IFERROR(INDEX($E$48:$E$67,MATCH(Parameters!$D$301,$A$48:$A$67,0)),"")="medium",2,IF(IFERROR(INDEX($E$48:$E$67,MATCH(Parameters!$D$301,$A$48:$A$67,0)),"")="maintenance",1,0)))),MAX(1,IF(IFERROR(INDEX($E$48:$E$67,MATCH(Parameters!$D$301,$A$48:$A$67,0)),"")="hard",3,IF(IFERROR(INDEX($E$48:$E$67,MATCH(Parameters!$D$301,$A$48:$A$67,0)),"")="medium",2,IF(IFERROR(INDEX($E$48:$E$67,MATCH(Parameters!$D$301,$A$48:$A$67,0)),"")="maintenance",1,0))))) -> 1 | M98: =L98*10+IF(LEFT(Parameters!$B$301,8)="compound",1,0)-ROW()/1000000 -> 9.999902 | N98: {=_xlfn.TEXTJOIN(", ",TRUE(),IF(Parameters!$F$301:$Y$301=1,Parameters!$F$275:$Y$275,""))} -> Spinal erectors, Glutes | O98: =Parameters!$B$301 -> isolation (minor) | P98: =IF(Parameters!$E$301="","",Parameters!$E$301)
A99: =INDEX($K$73:$K$111,MATCH(LARGE($M$73:$M$111,27),$M$73:$M$111,0)) -> Hanging leg raise | B99: =INDEX($O$73:$O$111,MATCH(LARGE($M$73:$M$111,27),$M$73:$M$111,0)) -> isolation (minor) | C99: =CHOOSE(INDEX($L$73:$L$111,MATCH(LARGE($M$73:$M$111,27),$M$73:$M$111,0))+1,"none","maintenance","medium","hard") -> maintenance | D99: =INDEX($P$73:$P$111,MATCH(LARGE($M$73:$M$111,27),$M$73:$M$111,0)) | E99: =INDEX($N$73:$N$111,MATCH(LARGE($M$73:$M$111,27),$M$73:$M$111,0)) -> Abdominals, Hip flexors | K99: =Parameters!$A$302 -> Hanging leg raise | L99: =IF(LEFT(Parameters!$B$302,8)="compound",MAX(IF(IFERROR(INDEX($E$29:$E$33,MATCH(Parameters!$C$302,$A$29:$A$33,0)),"")="hard",3,IF(IFERROR(INDEX($E$29:$E$33,MATCH(Parameters!$C$302,$A$29:$A$33,0)),"")="medium",2,IF(IFERROR(INDEX($E$29:$E$33,MATCH(Parameters!$C$302,$A$29:$A$33,0)),"")="maintenance",1,0))),IF(IFERROR(INDEX($E$48:$E$67,MATCH(Parameters!$D$302,$A$48:$A$67,0)),"")="hard",3,IF(IFERROR(INDEX($E$48:$E$67,MATCH(Parameters!$D$302,$A$48:$A$67,0)),"")="medium",2,IF(IFERROR(INDEX($E$48:$E$67,MATCH(Parameters!$D$302,$A$48:$A$67,0)),"")="maintenance",1,0)))),MAX(1,IF(IFERROR(INDEX($E$48:$E$67,MATCH(Parameters!$D$302,$A$48:$A$67,0)),"")="hard",3,IF(IFERROR(INDEX($E$48:$E$67,MATCH(Parameters!$D$302,$A$48:$A$67,0)),"")="medium",2,IF(IFERROR(INDEX($E$48:$E$67,MATCH(Parameters!$D$302,$A$48:$A$67,0)),"")="maintenance",1,0))))) -> 1 | M99: =L99*10+IF(LEFT(Parameters!$B$302,8)="compound",1,0)-ROW()/1000000 -> 9.999901 | N99: {=_xlfn.TEXTJOIN(", ",TRUE(),IF(Parameters!$F$302:$Y$302=1,Parameters!$F$275:$Y$275,""))} -> Abdominals, Hip flexors | O99: =Parameters!$B$302 -> isolation (minor) | P99: =IF(Parameters!$E$302="","",Parameters!$E$302)
A100: =INDEX($K$73:$K$111,MATCH(LARGE($M$73:$M$111,28),$M$73:$M$111,0)) -> Cable crunch | B100: =INDEX($O$73:$O$111,MATCH(LARGE($M$73:$M$111,28),$M$73:$M$111,0)) -> isolation (minor) | C100: =CHOOSE(INDEX($L$73:$L$111,MATCH(LARGE($M$73:$M$111,28),$M$73:$M$111,0))+1,"none","maintenance","medium","hard") -> maintenance | D100: =INDEX($P$73:$P$111,MATCH(LARGE($M$73:$M$111,28),$M$73:$M$111,0)) | E100: =INDEX($N$73:$N$111,MATCH(LARGE($M$73:$M$111,28),$M$73:$M$111,0)) -> Abdominals | K100: =Parameters!$A$303 -> Cable crunch | L100: =IF(LEFT(Parameters!$B$303,8)="compound",MAX(IF(IFERROR(INDEX($E$29:$E$33,MATCH(Parameters!$C$303,$A$29:$A$33,0)),"")="hard",3,IF(IFERROR(INDEX($E$29:$E$33,MATCH(Parameters!$C$303,$A$29:$A$33,0)),"")="medium",2,IF(IFERROR(INDEX($E$29:$E$33,MATCH(Parameters!$C$303,$A$29:$A$33,0)),"")="maintenance",1,0))),IF(IFERROR(INDEX($E$48:$E$67,MATCH(Parameters!$D$303,$A$48:$A$67,0)),"")="hard",3,IF(IFERROR(INDEX($E$48:$E$67,MATCH(Parameters!$D$303,$A$48:$A$67,0)),"")="medium",2,IF(IFERROR(INDEX($E$48:$E$67,MATCH(Parameters!$D$303,$A$48:$A$67,0)),"")="maintenance",1,0)))),MAX(1,IF(IFERROR(INDEX($E$48:$E$67,MATCH(Parameters!$D$303,$A$48:$A$67,0)),"")="hard",3,IF(IFERROR(INDEX($E$48:$E$67,MATCH(Parameters!$D$303,$A$48:$A$67,0)),"")="medium",2,IF(IFERROR(INDEX($E$48:$E$67,MATCH(Parameters!$D$303,$A$48:$A$67,0)),"")="maintenance",1,0))))) -> 1 | M100: =L100*10+IF(LEFT(Parameters!$B$303,8)="compound",1,0)-ROW()/1000000 -> 9.9999 | N100: {=_xlfn.TEXTJOIN(", ",TRUE(),IF(Parameters!$F$303:$Y$303=1,Parameters!$F$275:$Y$275,""))} -> Abdominals | O100: =Parameters!$B$303 -> isolation (minor) | P100: =IF(Parameters!$E$303="","",Parameters!$E$303)
A101: =INDEX($K$73:$K$111,MATCH(LARGE($M$73:$M$111,29),$M$73:$M$111,0)) -> Lateral raise | B101: =INDEX($O$73:$O$111,MATCH(LARGE($M$73:$M$111,29),$M$73:$M$111,0)) -> isolation (minor) | C101: =CHOOSE(INDEX($L$73:$L$111,MATCH(LARGE($M$73:$M$111,29),$M$73:$M$111,0))+1,"none","maintenance","medium","hard") -> maintenance | D101: =INDEX($P$73:$P$111,MATCH(LARGE($M$73:$M$111,29),$M$73:$M$111,0)) | E101: =INDEX($N$73:$N$111,MATCH(LARGE($M$73:$M$111,29),$M$73:$M$111,0)) -> Lateral delts | K101: =Parameters!$A$304 -> Lateral raise | L101: =IF(LEFT(Parameters!$B$304,8)="compound",MAX(IF(IFERROR(INDEX($E$29:$E$33,MATCH(Parameters!$C$304,$A$29:$A$33,0)),"")="hard",3,IF(IFERROR(INDEX($E$29:$E$33,MATCH(Parameters!$C$304,$A$29:$A$33,0)),"")="medium",2,IF(IFERROR(INDEX($E$29:$E$33,MATCH(Parameters!$C$304,$A$29:$A$33,0)),"")="maintenance",1,0))),IF(IFERROR(INDEX($E$48:$E$67,MATCH(Parameters!$D$304,$A$48:$A$67,0)),"")="hard",3,IF(IFERROR(INDEX($E$48:$E$67,MATCH(Parameters!$D$304,$A$48:$A$67,0)),"")="medium",2,IF(IFERROR(INDEX($E$48:$E$67,MATCH(Parameters!$D$304,$A$48:$A$67,0)),"")="maintenance",1,0)))),MAX(1,IF(IFERROR(INDEX($E$48:$E$67,MATCH(Parameters!$D$304,$A$48:$A$67,0)),"")="hard",3,IF(IFERROR(INDEX($E$48:$E$67,MATCH(Parameters!$D$304,$A$48:$A$67,0)),"")="medium",2,IF(IFERROR(INDEX($E$48:$E$67,MATCH(Parameters!$D$304,$A$48:$A$67,0)),"")="maintenance",1,0))))) -> 1 | M101: =L101*10+IF(LEFT(Parameters!$B$304,8)="compound",1,0)-ROW()/1000000 -> 9.999899 | N101: {=_xlfn.TEXTJOIN(", ",TRUE(),IF(Parameters!$F$304:$Y$304=1,Parameters!$F$275:$Y$275,""))} -> Lateral delts | O101: =Parameters!$B$304 -> isolation (minor) | P101: =IF(Parameters!$E$304="","",Parameters!$E$304)
A102: =INDEX($K$73:$K$111,MATCH(LARGE($M$73:$M$111,30),$M$73:$M$111,0)) -> Rear-delt fly / face pull | B102: =INDEX($O$73:$O$111,MATCH(LARGE($M$73:$M$111,30),$M$73:$M$111,0)) -> isolation (minor) | C102: =CHOOSE(INDEX($L$73:$L$111,MATCH(LARGE($M$73:$M$111,30),$M$73:$M$111,0))+1,"none","maintenance","medium","hard") -> maintenance | D102: =INDEX($P$73:$P$111,MATCH(LARGE($M$73:$M$111,30),$M$73:$M$111,0)) | E102: =INDEX($N$73:$N$111,MATCH(LARGE($M$73:$M$111,30),$M$73:$M$111,0)) -> Middle traps, Posterior delts | K102: =Parameters!$A$305 -> Rear-delt fly / face pull | L102: =IF(LEFT(Parameters!$B$305,8)="compound",MAX(IF(IFERROR(INDEX($E$29:$E$33,MATCH(Parameters!$C$305,$A$29:$A$33,0)),"")="hard",3,IF(IFERROR(INDEX($E$29:$E$33,MATCH(Parameters!$C$305,$A$29:$A$33,0)),"")="medium",2,IF(IFERROR(INDEX($E$29:$E$33,MATCH(Parameters!$C$305,$A$29:$A$33,0)),"")="maintenance",1,0))),IF(IFERROR(INDEX($E$48:$E$67,MATCH(Parameters!$D$305,$A$48:$A$67,0)),"")="hard",3,IF(IFERROR(INDEX($E$48:$E$67,MATCH(Parameters!$D$305,$A$48:$A$67,0)),"")="medium",2,IF(IFERROR(INDEX($E$48:$E$67,MATCH(Parameters!$D$305,$A$48:$A$67,0)),"")="maintenance",1,0)))),MAX(1,IF(IFERROR(INDEX($E$48:$E$67,MATCH(Parameters!$D$305,$A$48:$A$67,0)),"")="hard",3,IF(IFERROR(INDEX($E$48:$E$67,MATCH(Parameters!$D$305,$A$48:$A$67,0)),"")="medium",2,IF(IFERROR(INDEX($E$48:$E$67,MATCH(Parameters!$D$305,$A$48:$A$67,0)),"")="maintenance",1,0))))) -> 1 | M102: =L102*10+IF(LEFT(Parameters!$B$305,8)="compound",1,0)-ROW()/1000000 -> 9.999898 | N102: {=_xlfn.TEXTJOIN(", ",TRUE(),IF(Parameters!$F$305:$Y$305=1,Parameters!$F$275:$Y$275,""))} -> Middle traps, Posterior delts | O102: =Parameters!$B$305 -> isolation (minor) | P102: =IF(Parameters!$E$305="","",Parameters!$E$305)
A103: =INDEX($K$73:$K$111,MATCH(LARGE($M$73:$M$111,31),$M$73:$M$111,0)) -> Cable or dumbbell fly | B103: =INDEX($O$73:$O$111,MATCH(LARGE($M$73:$M$111,31),$M$73:$M$111,0)) -> isolation (minor) | C103: =CHOOSE(INDEX($L$73:$L$111,MATCH(LARGE($M$73:$M$111,31),$M$73:$M$111,0))+1,"none","maintenance","medium","hard") -> maintenance | D103: =INDEX($P$73:$P$111,MATCH(LARGE($M$73:$M$111,31),$M$73:$M$111,0)) | E103: =INDEX($N$73:$N$111,MATCH(LARGE($M$73:$M$111,31),$M$73:$M$111,0)) -> Pecs | K103: =Parameters!$A$306 -> Cable or dumbbell fly | L103: =IF(LEFT(Parameters!$B$306,8)="compound",MAX(IF(IFERROR(INDEX($E$29:$E$33,MATCH(Parameters!$C$306,$A$29:$A$33,0)),"")="hard",3,IF(IFERROR(INDEX($E$29:$E$33,MATCH(Parameters!$C$306,$A$29:$A$33,0)),"")="medium",2,IF(IFERROR(INDEX($E$29:$E$33,MATCH(Parameters!$C$306,$A$29:$A$33,0)),"")="maintenance",1,0))),IF(IFERROR(INDEX($E$48:$E$67,MATCH(Parameters!$D$306,$A$48:$A$67,0)),"")="hard",3,IF(IFERROR(INDEX($E$48:$E$67,MATCH(Parameters!$D$306,$A$48:$A$67,0)),"")="medium",2,IF(IFERROR(INDEX($E$48:$E$67,MATCH(Parameters!$D$306,$A$48:$A$67,0)),"")="maintenance",1,0)))),MAX(1,IF(IFERROR(INDEX($E$48:$E$67,MATCH(Parameters!$D$306,$A$48:$A$67,0)),"")="hard",3,IF(IFERROR(INDEX($E$48:$E$67,MATCH(Parameters!$D$306,$A$48:$A$67,0)),"")="medium",2,IF(IFERROR(INDEX($E$48:$E$67,MATCH(Parameters!$D$306,$A$48:$A$67,0)),"")="maintenance",1,0))))) -> 1 | M103: =L103*10+IF(LEFT(Parameters!$B$306,8)="compound",1,0)-ROW()/1000000 -> 9.999897 | N103: {=_xlfn.TEXTJOIN(", ",TRUE(),IF(Parameters!$F$306:$Y$306=1,Parameters!$F$275:$Y$275,""))} -> Pecs | O103: =Parameters!$B$306 -> isolation (minor) | P103: =IF(Parameters!$E$306="","",Parameters!$E$306)
A104: =INDEX($K$73:$K$111,MATCH(LARGE($M$73:$M$111,32),$M$73:$M$111,0)) -> Barbell curl | B104: =INDEX($O$73:$O$111,MATCH(LARGE($M$73:$M$111,32),$M$73:$M$111,0)) -> isolation (minor) | C104: =CHOOSE(INDEX($L$73:$L$111,MATCH(LARGE($M$73:$M$111,32),$M$73:$M$111,0))+1,"none","maintenance","medium","hard") -> maintenance | D104: =INDEX($P$73:$P$111,MATCH(LARGE($M$73:$M$111,32),$M$73:$M$111,0)) | E104: =INDEX($N$73:$N$111,MATCH(LARGE($M$73:$M$111,32),$M$73:$M$111,0)) -> Biceps | K104: =Parameters!$A$307 -> Barbell curl | L104: =IF(LEFT(Parameters!$B$307,8)="compound",MAX(IF(IFERROR(INDEX($E$29:$E$33,MATCH(Parameters!$C$307,$A$29:$A$33,0)),"")="hard",3,IF(IFERROR(INDEX($E$29:$E$33,MATCH(Parameters!$C$307,$A$29:$A$33,0)),"")="medium",2,IF(IFERROR(INDEX($E$29:$E$33,MATCH(Parameters!$C$307,$A$29:$A$33,0)),"")="maintenance",1,0))),IF(IFERROR(INDEX($E$48:$E$67,MATCH(Parameters!$D$307,$A$48:$A$67,0)),"")="hard",3,IF(IFERROR(INDEX($E$48:$E$67,MATCH(Parameters!$D$307,$A$48:$A$67,0)),"")="medium",2,IF(IFERROR(INDEX($E$48:$E$67,MATCH(Parameters!$D$307,$A$48:$A$67,0)),"")="maintenance",1,0)))),MAX(1,IF(IFERROR(INDEX($E$48:$E$67,MATCH(Parameters!$D$307,$A$48:$A$67,0)),"")="hard",3,IF(IFERROR(INDEX($E$48:$E$67,MATCH(Parameters!$D$307,$A$48:$A$67,0)),"")="medium",2,IF(IFERROR(INDEX($E$48:$E$67,MATCH(Parameters!$D$307,$A$48:$A$67,0)),"")="maintenance",1,0))))) -> 1 | M104: =L104*10+IF(LEFT(Parameters!$B$307,8)="compound",1,0)-ROW()/1000000 -> 9.999896 | N104: {=_xlfn.TEXTJOIN(", ",TRUE(),IF(Parameters!$F$307:$Y$307=1,Parameters!$F$275:$Y$275,""))} -> Biceps | O104: =Parameters!$B$307 -> isolation (minor) | P104: =IF(Parameters!$E$307="","",Parameters!$E$307)
A105: =INDEX($K$73:$K$111,MATCH(LARGE($M$73:$M$111,33),$M$73:$M$111,0)) -> Incline dumbbell curl | B105: =INDEX($O$73:$O$111,MATCH(LARGE($M$73:$M$111,33),$M$73:$M$111,0)) -> isolation (minor) | C105: =CHOOSE(INDEX($L$73:$L$111,MATCH(LARGE($M$73:$M$111,33),$M$73:$M$111,0))+1,"none","maintenance","medium","hard") -> maintenance | D105: =INDEX($P$73:$P$111,MATCH(LARGE($M$73:$M$111,33),$M$73:$M$111,0)) | E105: =INDEX($N$73:$N$111,MATCH(LARGE($M$73:$M$111,33),$M$73:$M$111,0)) -> Biceps | K105: =Parameters!$A$308 -> Incline dumbbell curl | L105: =IF(LEFT(Parameters!$B$308,8)="compound",MAX(IF(IFERROR(INDEX($E$29:$E$33,MATCH(Parameters!$C$308,$A$29:$A$33,0)),"")="hard",3,IF(IFERROR(INDEX($E$29:$E$33,MATCH(Parameters!$C$308,$A$29:$A$33,0)),"")="medium",2,IF(IFERROR(INDEX($E$29:$E$33,MATCH(Parameters!$C$308,$A$29:$A$33,0)),"")="maintenance",1,0))),IF(IFERROR(INDEX($E$48:$E$67,MATCH(Parameters!$D$308,$A$48:$A$67,0)),"")="hard",3,IF(IFERROR(INDEX($E$48:$E$67,MATCH(Parameters!$D$308,$A$48:$A$67,0)),"")="medium",2,IF(IFERROR(INDEX($E$48:$E$67,MATCH(Parameters!$D$308,$A$48:$A$67,0)),"")="maintenance",1,0)))),MAX(1,IF(IFERROR(INDEX($E$48:$E$67,MATCH(Parameters!$D$308,$A$48:$A$67,0)),"")="hard",3,IF(IFERROR(INDEX($E$48:$E$67,MATCH(Parameters!$D$308,$A$48:$A$67,0)),"")="medium",2,IF(IFERROR(INDEX($E$48:$E$67,MATCH(Parameters!$D$308,$A$48:$A$67,0)),"")="maintenance",1,0))))) -> 1 | M105: =L105*10+IF(LEFT(Parameters!$B$308,8)="compound",1,0)-ROW()/1000000 -> 9.999895 | N105: {=_xlfn.TEXTJOIN(", ",TRUE(),IF(Parameters!$F$308:$Y$308=1,Parameters!$F$275:$Y$275,""))} -> Biceps | O105: =Parameters!$B$308 -> isolation (minor) | P105: =IF(Parameters!$E$308="","",Parameters!$E$308)
A106: =INDEX($K$73:$K$111,MATCH(LARGE($M$73:$M$111,34),$M$73:$M$111,0)) -> Hammer curl | B106: =INDEX($O$73:$O$111,MATCH(LARGE($M$73:$M$111,34),$M$73:$M$111,0)) -> isolation (minor) | C106: =CHOOSE(INDEX($L$73:$L$111,MATCH(LARGE($M$73:$M$111,34),$M$73:$M$111,0))+1,"none","maintenance","medium","hard") -> maintenance | D106: =INDEX($P$73:$P$111,MATCH(LARGE($M$73:$M$111,34),$M$73:$M$111,0)) | E106: =INDEX($N$73:$N$111,MATCH(LARGE($M$73:$M$111,34),$M$73:$M$111,0)) -> Biceps, Forearms | K106: =Parameters!$A$309 -> Hammer curl | L106: =IF(LEFT(Parameters!$B$309,8)="compound",MAX(IF(IFERROR(INDEX($E$29:$E$33,MATCH(Parameters!$C$309,$A$29:$A$33,0)),"")="hard",3,IF(IFERROR(INDEX($E$29:$E$33,MATCH(Parameters!$C$309,$A$29:$A$33,0)),"")="medium",2,IF(IFERROR(INDEX($E$29:$E$33,MATCH(Parameters!$C$309,$A$29:$A$33,0)),"")="maintenance",1,0))),IF(IFERROR(INDEX($E$48:$E$67,MATCH(Parameters!$D$309,$A$48:$A$67,0)),"")="hard",3,IF(IFERROR(INDEX($E$48:$E$67,MATCH(Parameters!$D$309,$A$48:$A$67,0)),"")="medium",2,IF(IFERROR(INDEX($E$48:$E$67,MATCH(Parameters!$D$309,$A$48:$A$67,0)),"")="maintenance",1,0)))),MAX(1,IF(IFERROR(INDEX($E$48:$E$67,MATCH(Parameters!$D$309,$A$48:$A$67,0)),"")="hard",3,IF(IFERROR(INDEX($E$48:$E$67,MATCH(Parameters!$D$309,$A$48:$A$67,0)),"")="medium",2,IF(IFERROR(INDEX($E$48:$E$67,MATCH(Parameters!$D$309,$A$48:$A$67,0)),"")="maintenance",1,0))))) -> 1 | M106: =L106*10+IF(LEFT(Parameters!$B$309,8)="compound",1,0)-ROW()/1000000 -> 9.999894 | N106: {=_xlfn.TEXTJOIN(", ",TRUE(),IF(Parameters!$F$309:$Y$309=1,Parameters!$F$275:$Y$275,""))} -> Biceps, Forearms | O106: =Parameters!$B$309 -> isolation (minor) | P106: =IF(Parameters!$E$309="","",Parameters!$E$309)
...

Sheet Parameters
A1: Scalar parameters
A2: key | B2: value | C2: unit | D2: meaning and source
A3: lr_tol_cm | B3: 1 | C3: cm | D3: Left/right difference treated as real. Tape repeatability is about 0.5 cm per reading, so a difference of two readings needs about 1 cm.
A4: whtr_limit | B4: 0.5 | C4: ratio | D4: Waist-to-height boundary ('keep your waist to less than half your height'), Ashwell & Gibson, BMJ Open 2016.
A5: butt_w | B5: 22.667 | D5: Casey Butt max lean mass (lb) = H^1.5 * (sqrt(W)/butt_w + sqrt(A)/butt_a) * (BF%/butt_bf + 1), inches. weightrainer.net/potential.html
A6: butt_a | B6: 17.0104 | D6: Casey Butt, ankle divisor
A7: butt_bf | B7: 224 | D7: Casey Butt, body-fat divisor (fitted on champions at about 4.5-14% fat)
A8: berkhan_offset | B8: 100 | C8: cm/kg | D8: Martin Berkhan: contest weight (kg) = height (cm) - 100. leangains.com/2010/12/maximum-muscular-potential.html
A9: berkhan_bf | B9: 0.05 | C9: fraction | D9: Body fat of Berkhan's contest condition (about 5%)
A10: ffmi_slope | B10: 6.1 | C10: kg/m2 per m | D10: FFMI height normalisation: FFMI + slope*(ref_h - height_m). Kouri et al. 1995.
A11: ffmi_ref_h | B11: 1.8 | C11: m | D11: FFMI reference height
A12: cm_per_in | B12: 2.54 | D12: Unit conversion (exact)
A13: kg_per_lb | B13: 0.45359237 | D13: Unit conversion (exact)
A14: wathan_a | B14: 48.8 | D14: Wathan 1RM: 1RM = 100*load / (a + b*exp(-k*reps)). Used by Symmetric Strength (LeSuer et al., JSCR 1997)
A15: wathan_b | B15: 53.8 | D15: Wathan, b
A16: wathan_k | B16: 0.075 | D16: Wathan, k
A17: dev_tol | B17: 0.1 | C17: fraction | D17: Deviation from the overall strength score treated as real. Judgment: 1RM estimates from sets under 10 reps are typically within about 5%, and lift ratios carry similar uncertainty
A18: rock_a | B18: 132.853 | D18: Rockport walk (Kline et al., Med Sci Sports Exerc 1987), men: VO2max = a - b*weight(lb) - c*age + d - e*time(min) - f*HR
A19: rock_b | B19: 0.0769 | D19: Rockport, weight (lb)
A20: rock_c | B20: 0.3877 | D20: Rockport, age
A21: rock_e | B21: 3.2649 | D21: Rockport, time (min)
A22: rock_f | B22: 0.1565 | D22: Rockport, heart rate (bpm)
A23: cooper_a | B23: 504.9 | C23: m | D23: Cooper 12-min run (Cooper, JAMA 1968): VO2max = (distance - a) / b
A24: cooper_b | B24: 44.73 | D24: Cooper, divisor
A25: vdot_a | B25: -4.6 | D25: Daniels-Gilbert VDOT: VO2(v) = a + b*v + c*v^2 (v in m/min); fraction(t) = d + e*exp(-f*t) + g*exp(-h*t); VDOT = VO2/fraction
A26: vdot_b | B26: 0.182258 | D26: VDOT
A27: vdot_c | B27: 0.000104 | D27: VDOT
A28: vdot_d | B28: 0.8 | D28: VDOT
A29: vdot_e | B29: 0.1894393 | D29: VDOT
A30: vdot_f | B30: 0.012778 | D30: VDOT
A31: vdot_g | B31: 0.2989558 | D31: VDOT
A32: vdot_h | B32: 0.1932605 | D32: VDOT
A33: cyc_a | B33: 10.8 | D33: ACSM leg-cycling equation: VO2 = a * W/kg + b. Built for steady submaximal work; at ramp-test peak it is an approximation
A34: cyc_b | B34: 7 | D34: ACSM cycling, resting + unloaded pedalling
A35: strength_ref | B35: 100 | C35: score | D35: Strength score treated as full attainment in the composite. Symmetric Strength: 100 is close to the drug-free limit for lifters under 40
A36: whtr_zero | B36: 0.6 | C36: ratio | D36: Waist-to-height at which the health score is 0 (Ashwell: 0.6 and above is the 'take action' band)
A37: whr_ideal | B37: 0.7 | C37: ratio | D37: Women: waist/hip ratio used for the hip ideal (Singh 1993 and later cross-cultural work; contested, see Read me)
A38: ffmi_alt_f | B38: 19.2 | C38: kg/m2 | D38: Women, alternative size ceiling: FFMI 19.2 (Symmetric Strength's estimate; 99.9th percentile of women 18-34, Schutz et al. 2002). Shown for comparison only
A39: whtr_best | B39: 0.45 | C39: ratio | D39: Waist-to-height at which the health score reaches 1. Judgment: middle of Ashwell's 0.4-0.5 healthy band; below 0.4 Ashwell advises 'take care'
A40: size_hard_dev | B40: -0.15 | C40: fraction | D40: Plan: a body part is 'hard' for size if its bone-anchored ratio is more than 15% below ideal...
A41: size_hard_att | B41: 0.85 | C41: fraction | D41: ...or it is below 85% of Butt's maximum girth
A42: size_med_dev | B42: -0.05 | C42: fraction | D42: Plan: 'medium' for size if more than 5% below ideal...
A43: size_med_att | B43: 0.95 | C43: fraction | D43: ...or below 95% of Butt's maximum girth; otherwise 'maintenance'
A44: sets_hard_lo | B44: 12 | C44: sets/week | D44: Weekly hard sets per muscle group, 'hard' tier (lower). Guideline from dose-response work (Schoenfeld et al. 2017: 10+ sets/week beat fewer)
A45: sets_hard_hi | B45: 20 | C45: sets/week | D45: 'hard' tier (upper)
A46: sets_med_lo | B46: 6 | C46: sets/week | D46: 'medium' tier (lower)
... A53: protein_hi | B53: 2.2 | C53: g/kg/day | D53: Protein, upper end (upper confidence limit in Morton et al. 2018)
A55: Sex-specific parameters (the 'in use' column follows the sex entered for the analysis date)
A56: key | B56: male | C56: female | D56: in use | E56: source
A57: navy_k1 | B57: 495 | C57: 495 | D57: =IF(m_sex="female",C57,B57) -> 495 | E57: US Navy circumference method (Hodgdon & Beckett 1984), metric: BF% = k1 / (a - b*log10(waist + hip*hips - neck) + c*log10(height)) - k2
A58: navy_a | B58: 1.0324 | C58: 1.29579 | D58: =IF(m_sex="female",C58,B58) -> 1.29579 | E58: Navy, constant
A59: navy_b | B59: 0.19077 | C59: 0.35004 | D59: =IF(m_sex="female",C59,B59) -> 0.35004 | E59: Navy, log10(waist [+ hips] - neck) coefficient
A60: navy_c | B60: 0.15456 | C60: 0.221 | D60: =IF(m_sex="female",C60,B60) -> 0.221 | E60: Navy, log10(height) coefficient
A61: navy_k2 | B61: 450 | C61: 450 | D61: =IF(m_sex="female",C61,B61) -> 450 | E61: Navy, offset
A62: navy_hip | B62: 0 | C62: 1 | D62: =IF(m_sex="female",C62,B62) -> 1 | E62: Navy: 1 = hips enter the formula (women only)
A63: wilks_a | B63: -216.04751 | C63: 594.31748 | D63: =IF(m_sex="female",C63,B63) -> 594.31748 | E63: Original Wilks: coefficient = 500 / (a + b*bw + ... + f*bw^5). Symmetric Strength's scores are built on it
A64: wilks_b | B64: 16.260634 | C64: -27.238425 | D64: =IF(m_sex="female",C64,B64) -> -27.238425 | E64: Wilks, b
A65: wilks_c | B65: -0.002388645 | C65: 0.82112227 | D65: =IF(m_sex="female",C65,B65) -> 0.82112227 | E65: Wilks, c
A66: wilks_d | B66: -0.00113732 | C66: -0.0093073391 | D66: =IF(m_sex="female",C66,B66) -> -0.0093073391 | E66: Wilks, d
A67: wilks_e | B67: 7.01863e-06 | C67: 4.731582e-05 | D67: =IF(m_sex="female",C67,B67) -> 4.731582e-05 | E67: Wilks, e
A68: wilks_f | B68: -1.291e-08 | C68: -9.054e-08 | D68: =IF(m_sex="female",C68,B68) -> -9.054e-08 | E68: Wilks, f
... A72: ffmi_norm | B72: 1 | C72: 0 | D72: =IF(m_sex="female",C72,B72) -> 0 | E72: 1 = apply the male height normalisation to FFMI (Kouri); women use raw FFMI
A73: size_model | B73: Butt | C73: FFMI | D73: =IF(m_sex="female",C73,B73) -> FFMI | E73: Primary size ceiling: Casey Butt's frame-based formula exists for men only
A75: Aesthetic ideal ratios (numerator / denominator)
A76: key | B76: numerator | C76: denominator | D76: group | E76: ideal | F76: source | G76: sex
A77: arm_wrist | B77: arm | C77: wrist | D77: upper | E77: 2.52 | F77: Reeves, Building the Classic Physique: arm = 252% of wrist | G77: male
A78: forearm_wrist | B78: forearm | C78: wrist | D78: upper | E78: 1.885 | F78: McCallum (1964): forearm = 29% of chest = 0.29 x 6.5 x wrist | G78: male
A79: chest_wrist | B79: chest | C79: wrist | D79: upper | E79: 6.5 | F79: McCallum (1964): chest = 6.5 x wrist | G79: male
A80: thigh_knee | B80: thigh | C80: knee | D80: lower | E80: 1.75 | F80: Reeves: thigh = 175% of knee | G80: male
A81: calf_ankle | B81: calf | C81: ankle | D81: lower | E81: 1.92 | F81: Reeves: calf = 192% of ankle | G81: male
A82: shoulders_chest | B82: shoulders | C82: chest | D82: shape | E82: 1.133 | F82: Implied by the golden-ratio shoulders/waist (1.618) and McCallum's waist/chest (0.70): 1.618 x 0.70. Waist itself is scored under leanness | G82: male
A83: neck_arm | B83: neck | C83: arm | D83: shape | E83: 1 | F83: Reeves: neck, arm and calf equal | G83: male
A84: hips_height | B84: hips | C84: height | D84: shape | E84: =p_whtr_best/p_whr_ideal -> 0.64285714 | F84: Women: hip ideal implied by a waist/hip ratio of whr_ideal (0.70, Singh 1993) at the leanness target waist (whtr_best x height). Waist itself is scored under leanness | G84: female
A85: shoulders_hips | B85: shoulders | C85: hips | D85: shape | E85: 1 | F85: Women: shoulders about equal to hips (the 'X-frame' balance). Judgment, by analogy with the hourglass definition bust ~ hips (Simmons et al. 2004); bust is not used because it depends on breast tissue | G85: female
A87: Casey Butt maximum girths: girth = a*wrist + b*ankle + c*height (linear, so valid in cm)
A88: site | B88: a (wrist) | C88: b (ankle) | D88: c (height) | E88: protocol Butt assumes | F88: measurement used
A89: chest | B89: 1.6817 | C89: 1.3759 | D89: 0.3314 | E89: relaxed, not expanded | F89: chest_relaxed
A90: arm | B90: 1.2033 | C90: 0 | D90: 0.1236 | E90: flexed | F90: arm
A91: forearm | B91: 0.9626 | C91: 0 | D91: 0.0989 | E91: fist clenched, arm straight | F91: forearm
A92: neck | B92: 1.1424 | C92: 0 | D92: 0.1236 | E92: below Adam's apple | F92: neck
A93: thigh | B93: 0 | C93: 1.3868 | D93: 0.1805 | E93: midway hip-knee, standing relaxed | F93: thigh_relaxed
A94: calf | B94: 0 | C94: 0.9298 | D94: 0.121 | E94: standing relaxed | F94: calf_relaxed
A96: Source: C. Butt, 'Your Maximum Muscular Bodyweight and Measurements', weightrainer.net/potential.html. Girths are for lean condition, about 8-10% body fat.
A98: Strength tiers (Symmetric Strength score thresholds)
A99: tier | B99: min score
A100: Subpar | B100: 0
A101: Untrained | B101: 30
A102: Novice | B102: 45
A103: Intermediate | B103: 60
A104: Proficient | B104: 75
A105: Advanced | B105: 87.5
A106: Exceptional | B106: 100
A107: Elite | B107: 112.5
A108: World class | B108: 125
A110: Source: Symmetric Strength tiers as reported by SensAI (Sept 2026); consistent with the site's FAQ (75 'strong', 100 near the drug-free limit).
A112: Age coefficients (Foster under 23, McCulloch 40 and over; 1.0 in between)
A113: age | B113: coefficient
A114: 14 | B114: 1.23
A115: 15 | B115: 1.18
A116: 16 | B116: 1.13
...

Sheet Report
A1: Body assessment report
A2: Analysis date | B2: =MAX(Measurements!$E$1:$AH$1) -> 46266 | C2: Defaults to the latest dated column; overwrite with a date to analyse an earlier one.
A3: Date column found | B3: =MATCH(r_date,Measurements!$E$1:$AH$1,0) -> 1
A5: Measurements used
A6: key | B6: value | C6: unit
A7: height | B7: =IF(INDEX(Measurements!$E$2:$AH$69,MATCH("height",Measurements!$A$2:$A$69,0),r_col)="","",INDEX(Measurements!$E$2:$AH$69,MATCH("height",Measurements!$A$2:$A$69,0),r_col)) -> 164 | C7: cm
A8: weight | B8: =IF(INDEX(Measurements!$E$2:$AH$69,MATCH("weight",Measurements!$A$2:$A$69,0),r_col)="","",INDEX(Measurements!$E$2:$AH$69,MATCH("weight",Measurements!$A$2:$A$69,0),r_col)) -> 66 | C8: kg
A9: age | B9: =IF(INDEX(Measurements!$E$2:$AH$69,MATCH("age",Measurements!$A$2:$A$69,0),r_col)="","",INDEX(Measurements!$E$2:$AH$69,MATCH("age",Measurements!$A$2:$A$69,0),r_col)) -> 38 | C9: years
A10: sex | B10: =IF(INDEX(Measurements!$E$2:$AH$69,MATCH("sex",Measurements!$A$2:$A$69,0),r_col)="","",INDEX(Measurements!$E$2:$AH$69,MATCH("sex",Measurements!$A$2:$A$69,0),r_col)) -> female | C10: male/female
A11: neck | B11: =IF(INDEX(Measurements!$E$2:$AH$69,MATCH("neck",Measurements!$A$2:$A$69,0),r_col)="","",INDEX(Measurements!$E$2:$AH$69,MATCH("neck",Measurements!$A$2:$A$69,0),r_col)) -> 32 | C11: cm
A12: shoulders | B12: =IF(INDEX(Measurements!$E$2:$AH$69,MATCH("shoulders",Measurements!$A$2:$A$69,0),r_col)="","",INDEX(Measurements!$E$2:$AH$69,MATCH("shoulders",Measurements!$A$2:$A$69,0),r_col)) -> 102 | C12: cm
A13: chest | B13: =IF(INDEX(Measurements!$E$2:$AH$69,MATCH("chest",Measurements!$A$2:$A$69,0),r_col)="","",INDEX(Measurements!$E$2:$AH$69,MATCH("chest",Measurements!$A$2:$A$69,0),r_col)) -> 92 | C13: cm
A14: chest_relaxed | B14: =IF(INDEX(Measurements!$E$2:$AH$69,MATCH("chest_relaxed",Measurements!$A$2:$A$69,0),r_col)="","",INDEX(Measurements!$E$2:$AH$69,MATCH("chest_relaxed",Measurements!$A$2:$A$69,0),r_col)) -> 90 | C14: cm
A15: waist | B15: =IF(INDEX(Measurements!$E$2:$AH$69,MATCH("waist",Measurements!$A$2:$A$69,0),r_col)="","",INDEX(Measurements!$E$2:$AH$69,MATCH("waist",Measurements!$A$2:$A$69,0),r_col)) -> 76 | C15: cm
A16: hips | B16: =IF(INDEX(Measurements!$E$2:$AH$69,MATCH("hips",Measurements!$A$2:$A$69,0),r_col)="","",INDEX(Measurements!$E$2:$AH$69,MATCH("hips",Measurements!$A$2:$A$69,0),r_col)) -> 100 | C16: cm
A17: wrist_l | B17: =IF(INDEX(Measurements!$E$2:$AH$69,MATCH("wrist_l",Measurements!$A$2:$A$69,0),r_col)="","",INDEX(Measurements!$E$2:$AH$69,MATCH("wrist_l",Measurements!$A$2:$A$69,0),r_col)) -> 15 | C17: cm
A18: wrist_r | B18: =IF(INDEX(Measurements!$E$2:$AH$69,MATCH("wrist_r",Measurements!$A$2:$A$69,0),r_col)="","",INDEX(Measurements!$E$2:$AH$69,MATCH("wrist_r",Measurements!$A$2:$A$69,0),r_col)) -> 15 | C18: cm
A19: forearm_l | B19: =IF(INDEX(Measurements!$E$2:$AH$69,MATCH("forearm_l",Measurements!$A$2:$A$69,0),r_col)="","",INDEX(Measurements!$E$2:$AH$69,MATCH("forearm_l",Measurements!$A$2:$A$69,0),r_col)) -> 23.5 | C19: cm
A20: forearm_r | B20: =IF(INDEX(Measurements!$E$2:$AH$69,MATCH("forearm_r",Measurements!$A$2:$A$69,0),r_col)="","",INDEX(Measurements!$E$2:$AH$69,MATCH("forearm_r",Measurements!$A$2:$A$69,0),r_col)) -> 24 | C20: cm
A21: arm_l | B21: =IF(INDEX(Measurements!$E$2:$AH$69,MATCH("arm_l",Measurements!$A$2:$A$69,0),r_col)="","",INDEX(Measurements!$E$2:$AH$69,MATCH("arm_l",Measurements!$A$2:$A$69,0),r_col)) -> 28 | C21: cm
A22: arm_r | B22: =IF(INDEX(Measurements!$E$2:$AH$69,MATCH("arm_r",Measurements!$A$2:$A$69,0),r_col)="","",INDEX(Measurements!$E$2:$AH$69,MATCH("arm_r",Measurements!$A$2:$A$69,0),r_col)) -> 28.5 | C22: cm
A23: thigh_l | B23: =IF(INDEX(Measurements!$E$2:$AH$69,MATCH("thigh_l",Measurements!$A$2:$A$69,0),r_col)="","",INDEX(Measurements!$E$2:$AH$69,MATCH("thigh_l",Measurements!$A$2:$A$69,0),r_col)) -> 56 | C23: cm
A24: thigh_r | B24: =IF(INDEX(Measurements!$E$2:$AH$69,MATCH("thigh_r",Measurements!$A$2:$A$69,0),r_col)="","",INDEX(Measurements!$E$2:$AH$69,MATCH("thigh_r",Measurements!$A$2:$A$69,0),r_col)) -> 56.5 | C24: cm
A25: thigh_relaxed_l | B25: =IF(INDEX(Measurements!$E$2:$AH$69,MATCH("thigh_relaxed_l",Measurements!$A$2:$A$69,0),r_col)="","",INDEX(Measurements!$E$2:$AH$69,MATCH("thigh_relaxed_l",Measurements!$A$2:$A$69,0),r_col)) -> 54 | C25: cm
A26: thigh_relaxed_r | B26: =IF(INDEX(Measurements!$E$2:$AH$69,MATCH("thigh_relaxed_r",Measurements!$A$2:$A$69,0),r_col)="","",INDEX(Measurements!$E$2:$AH$69,MATCH("thigh_relaxed_r",Measurements!$A$2:$A$69,0),r_col)) -> 54.5 | C26: cm
A27: knee_l | B27: =IF(INDEX(Measurements!$E$2:$AH$69,MATCH("knee_l",Measurements!$A$2:$A$69,0),r_col)="","",INDEX(Measurements!$E$2:$AH$69,MATCH("knee_l",Measurements!$A$2:$A$69,0),r_col)) -> 36 | C27: cm
A28: knee_r | B28: =IF(INDEX(Measurements!$E$2:$AH$69,MATCH("knee_r",Measurements!$A$2:$A$69,0),r_col)="","",INDEX(Measurements!$E$2:$AH$69,MATCH("knee_r",Measurements!$A$2:$A$69,0),r_col)) -> 36 | C28: cm
A29: calf_l | B29: =IF(INDEX(Measurements!$E$2:$AH$69,MATCH("calf_l",Measurements!$A$2:$A$69,0),r_col)="","",INDEX(Measurements!$E$2:$AH$69,MATCH("calf_l",Measurements!$A$2:$A$69,0),r_col)) -> 36 | C29: cm
A30: calf_r | B30: =IF(INDEX(Measurements!$E$2:$AH$69,MATCH("calf_r",Measurements!$A$2:$A$69,0),r_col)="","",INDEX(Measurements!$E$2:$AH$69,MATCH("calf_r",Measurements!$A$2:$A$69,0),r_col)) -> 36.5 | C30: cm
A31: calf_relaxed_l | B31: =IF(INDEX(Measurements!$E$2:$AH$69,MATCH("calf_relaxed_l",Measurements!$A$2:$A$69,0),r_col)="","",INDEX(Measurements!$E$2:$AH$69,MATCH("calf_relaxed_l",Measurements!$A$2:$A$69,0),r_col)) -> 35 | C31: cm
A32: calf_relaxed_r | B32: =IF(INDEX(Measurements!$E$2:$AH$69,MATCH("calf_relaxed_r",Measurements!$A$2:$A$69,0),r_col)="","",INDEX(Measurements!$E$2:$AH$69,MATCH("calf_relaxed_r",Measurements!$A$2:$A$69,0),r_col)) -> 35.5 | C32: cm
A33: ankle_l | B33: =IF(INDEX(Measurements!$E$2:$AH$69,MATCH("ankle_l",Measurements!$A$2:$A$69,0),r_col)="","",INDEX(Measurements!$E$2:$AH$69,MATCH("ankle_l",Measurements!$A$2:$A$69,0),r_col)) -> 21 | C33: cm
A34: ankle_r | B34: =IF(INDEX(Measurements!$E$2:$AH$69,MATCH("ankle_r",Measurements!$A$2:$A$69,0),r_col)="","",INDEX(Measurements!$E$2:$AH$69,MATCH("ankle_r",Measurements!$A$2:$A$69,0),r_col)) -> 21 | C34: cm
A35: wrist | B35: =IF(COUNT(m_wrist_l,m_wrist_r)=0,"",AVERAGE(m_wrist_l,m_wrist_r)) -> 15 | C35: cm, mean L/R
A36: forearm | B36: =IF(COUNT(m_forearm_l,m_forearm_r)=0,"",AVERAGE(m_forearm_l,m_forearm_r)) -> 23.75 | C36: cm, mean L/R
A37: arm | B37: =IF(COUNT(m_arm_l,m_arm_r)=0,"",AVERAGE(m_arm_l,m_arm_r)) -> 28.25 | C37: cm, mean L/R
A38: thigh | B38: =IF(COUNT(m_thigh_l,m_thigh_r)=0,"",AVERAGE(m_thigh_l,m_thigh_r)) -> 56.25 | C38: cm, mean L/R
A39: thigh_relaxed | B39: =IF(COUNT(m_thigh_relaxed_l,m_thigh_relaxed_r)=0,"",AVERAGE(m_thigh_relaxed_l,m_thigh_relaxed_r)) -> 54.25 | C39: cm, mean L/R
A40: knee | B40: =IF(COUNT(m_knee_l,m_knee_r)=0,"",AVERAGE(m_knee_l,m_knee_r)) -> 36 | C40: cm, mean L/R
A41: calf | B41: =IF(COUNT(m_calf_l,m_calf_r)=0,"",AVERAGE(m_calf_l,m_calf_r)) -> 36.25 | C41: cm, mean L/R
A42: calf_relaxed | B42: =IF(COUNT(m_calf_relaxed_l,m_calf_relaxed_r)=0,"",AVERAGE(m_calf_relaxed_l,m_calf_relaxed_r)) -> 35.25 | C42: cm, mean L/R
A43: ankle | B43: =IF(COUNT(m_ankle_l,m_ankle_r)=0,"",AVERAGE(m_ankle_l,m_ankle_r)) -> 21 | C43: cm, mean L/R
A45: Body composition
A46: quantity | B46: value | C46: note
A47: BMI (kg/m2) | B47: =m_weight/(m_height/100)^2 -> 24.538965 | C47: Blind to muscle; shown for reference only
A48: Waist-to-height ratio | B48: =m_waist/m_height -> 0.46341463 | C48: =IF(m_waist/m_height<p_whtr_limit,"below the 0.5 boundary","at or above the 0.5 boundary") -> below the 0.5 boundary
A49: Body fat (US Navy tape method) | B49: =(p_navy_k1/(p_navy_a-p_navy_b*LOG10(m_waist+p_navy_hip*N(m_hips)-m_neck)+p_navy_c*LOG10(m_height))-p_navy_k2)/100 -> 0.30695799 | C49: Standard error about 3-4 percentage points
A50: Fat mass (kg) | B50: =m_weight*r_bf -> 20.259227
A51: Lean mass (kg) | B51: =m_weight-m_weight*r_bf -> 45.740773
A52: FFMI (kg/m2) | B52: =r_lbm/(m_height/100)^2 -> 17.006534
A53: FFMI, height-normalised (men) | B53: =IF(p_ffmi_norm=0,"",r_lbm/(m_height/100)^2+p_ffmi_slope*(p_ffmi_ref_h-m_height/100)) | C53: Men: about 25 is the drug-free ceiling (Kouri 1995). Women: use raw FFMI; ceiling 23.9 (Harty 2019)
A54: Weight at target body fat, current lean mass (kg) | B54: =r_lbm/(1-p_target_bf) -> 58.642016 | C54: Fat loss only, no muscle change
A55: Fat to lose to reach target (kg) | B55: =m_weight-r_lbm/(1-p_target_bf) -> 7.3579836
A57: Fitness: estimated VO2max from any test entered for this date
A58: test | B58: VO2max (ml/kg/min) | C58: norms | D58: norm row (lookup) | E58: percentile (age, sex)
A59: Rockport 1-mile walk | B59: =IF(OR(IF(INDEX(Measurements!$E$2:$AH$69,MATCH("rockport_time",Measurements!$A$2:$A$69,0),r_col)="","",INDEX(Measurements!$E$2:$AH$69,MATCH("rockport_time",Measurements!$A$2:$A$69,0),r_col))="",IF(INDEX(Measurements!$E$2:$AH$69,MATCH("rockport_hr",Measurements!$A$2:$A$69,0),r_col)="","",INDEX(Measurements!$E$2:$AH$69,MATCH("rockport_hr",Measurements!$A$2:$A$69,0),r_col))=""),"",p_rock_a-p_rock_b*m_weight/p_kg_per_lb-p_rock_c*m_age+p_rock_d-p_rock_e*IF(INDEX(Measurements!$E$2:$AH$69,MATCH("rockport_time",Measurements!$A$2:$A$69,0),r_col)="","",INDEX(Measurements!$E$2:$AH$69,MATCH("rockport_time",Measurements!$A$2:$A$69,0),r_col))-p_rock_f*IF(INDEX(Measurements!$E$2:$AH$69,MATCH("rockport_hr",Measurements!$A$2:$A$69,0),r_col)="","",INDEX(Measurements!$E$2:$AH$69,MATCH("rockport_hr",Measurements!$A$2:$A$69,0),r_col))) -> 31.150208 | C59: treadmill | D59: =MATCH(m_sex&"|"&C59&"|"&MIN(80,MAX(20,INT(m_age/10)*10)),t_friend_keys,0) -> 16 | E59: =IF(B59="","",MAX(1,MIN(99,10*(MIN(8,IFERROR(MATCH(B59,INDEX(t_friend_vals,D59,0),1),1))+(B59-INDEX(t_friend_vals,D59,MIN(8,IFERROR(MATCH(B59,INDEX(t_friend_vals,D59,0),1),1))))/(INDEX(t_friend_vals,D59,MIN(8,IFERROR(MATCH(B59,INDEX(t_friend_vals,D59,0),1),1))+1)-INDEX(t_friend_vals,D59,MIN(8,IFERROR(MATCH(B59,INDEX(t_friend_vals,D59,0),1),1)))))))) -> 60.577724
A60: Cooper 12-minute run | B60: =IF(IF(INDEX(Measurements!$E$2:$AH$69,MATCH("cooper_distance",Measurements!$A$2:$A$69,0),r_col)="","",INDEX(Measurements!$E$2:$AH$69,MATCH("cooper_distance",Measurements!$A$2:$A$69,0),r_col))="","",(IF(INDEX(Measurements!$E$2:$AH$69,MATCH("cooper_distance",Measurements!$A$2:$A$69,0),r_col)="","",INDEX(Measurements!$E$2:$AH$69,MATCH("cooper_distance",Measurements!$A$2:$A$69,0),r_col))-p_cooper_a)/p_cooper_b) | C60: treadmill | D60: =MATCH(m_sex&"|"&C60&"|"&MIN(80,MAX(20,INT(m_age/10)*10)),t_friend_keys,0) -> 16 | E60: =IF(B60="","",MAX(1,MIN(99,10*(MIN(8,IFERROR(MATCH(B60,INDEX(t_friend_vals,D60,0),1),1))+(B60-INDEX(t_friend_vals,D60,MIN(8,IFERROR(MATCH(B60,INDEX(t_friend_vals,D60,0),1),1))))/(INDEX(t_friend_vals,D60,MIN(8,IFERROR(MATCH(B60,INDEX(t_friend_vals,D60,0),1),1))+1)-INDEX(t_friend_vals,D60,MIN(8,IFERROR(MATCH(B60,INDEX(t_friend_vals,D60,0),1),1))))))))
A61: Timed run (VDOT) | B61: =IF(OR(IF(INDEX(Measurements!$E$2:$AH$69,MATCH("run_distance",Measurements!$A$2:$A$69,0),r_col)="","",INDEX(Measurements!$E$2:$AH$69,MATCH("run_distance",Measurements!$A$2:$A$69,0),r_col))="",IF(INDEX(Measurements!$E$2:$AH$69,MATCH("run_time",Measurements!$A$2:$A$69,0),r_col)="","",INDEX(Measurements!$E$2:$AH$69,MATCH("run_time",Measurements!$A$2:$A$69,0),r_col))=""),"",(p_vdot_a+p_vdot_b*(IF(INDEX(Measurements!$E$2:$AH$69,MATCH("run_distance",Measurements!$A$2:$A$69,0),r_col)="","",INDEX(Measurements!$E$2:$AH$69,MATCH("run_distance",Measurements!$A$2:$A$69,0),r_col))/IF(INDEX(Measurements!$E$2:$AH$69,MATCH("run_time",Measurements!$A$2:$A$69,0),r_col)="","",INDEX(Measurements!$E$2:$AH$69,MATCH("run_time",Measurements!$A$2:$A$69,0),r_col)))+p_vdot_c*(IF(INDEX(Measurements!$E$2:$AH$69,MATCH("run_distance",Measurements!$A$2:$A$69,0),r_col)="","",INDEX(Measurements!$E$2:$AH$69,MATCH("run_distance",Measurements!$A$2:$A$69,0),r_col))/IF(INDEX(Measurements!$E$2:$AH$69,MATCH("run_time",Measurements!$A$2:$A$69,0),r_col)="","",INDEX(Measurements!$E$2:$AH$69,MATCH("run_time",Measurements!$A$2:$A$69,0),r_col)))^2)/(p_vdot_d+p_vdot_e*EXP(-p_vdot_f*IF(INDEX(Measurements!$E$2:$AH$69,MATCH("run_time",Measurements!$A$2:$A$69,0),r_col)="","",INDEX(Measurements!$E$2:$AH$69,MATCH("run_time",Measurements!$A$2:$A$69,0),r_col)))+p_vdot_g*EXP(-p_vdot_h*IF(INDEX(Measurements!$E$2:$AH$69,MATCH("run_time",Measurements!$A$2:$A$69,0),r_col)="","",INDEX(Measurements!$E$2:$AH$69,MATCH("run_time",Measurements!$A$2:$A$69,0),r_col))))) | C61: treadmill | D61: =MATCH(m_sex&"|"&C61&"|"&MIN(80,MAX(20,INT(m_age/10)*10)),t_friend_keys,0) -> 16 | E61: =IF(B61="","",MAX(1,MIN(99,10*(MIN(8,IFERROR(MATCH(B61,INDEX(t_friend_vals,D61,0),1),1))+(B61-INDEX(t_friend_vals,D61,MIN(8,IFERROR(MATCH(B61,INDEX(t_friend_vals,D61,0),1),1))))/(INDEX(t_friend_vals,D61,MIN(8,IFERROR(MATCH(B61,INDEX(t_friend_vals,D61,0),1),1))+1)-INDEX(t_friend_vals,D61,MIN(8,IFERROR(MATCH(B61,INDEX(t_friend_vals,D61,0),1),1))))))))
A62: Cycle ramp test (ACSM) | B62: =IF(IF(INDEX(Measurements!$E$2:$AH$69,MATCH("cycle_watts",Measurements!$A$2:$A$69,0),r_col)="","",INDEX(Measurements!$E$2:$AH$69,MATCH("cycle_watts",Measurements!$A$2:$A$69,0),r_col))="","",p_cyc_a*IF(INDEX(Measurements!$E$2:$AH$69,MATCH("cycle_watts",Measurements!$A$2:$A$69,0),r_col)="","",INDEX(Measurements!$E$2:$AH$69,MATCH("cycle_watts",Measurements!$A$2:$A$69,0),r_col))/m_weight+p_cyc_b) | C62: cycle | D62: =MATCH(m_sex&"|"&C62&"|"&MIN(80,MAX(20,INT(m_age/10)*10)),t_friend_keys,0) -> 23 | E62: =IF(B62="","",MAX(1,MIN(99,10*(MIN(8,IFERROR(MATCH(B62,INDEX(t_friend_vals,D62,0),1),1))+(B62-INDEX(t_friend_vals,D62,MIN(8,IFERROR(MATCH(B62,INDEX(t_friend_vals,D62,0),1),1))))/(INDEX(t_friend_vals,D62,MIN(8,IFERROR(MATCH(B62,INDEX(t_friend_vals,D62,0),1),1))+1)-INDEX(t_friend_vals,D62,MIN(8,IFERROR(MATCH(B62,INDEX(t_friend_vals,D62,0),1),1))))))))
A63: Mean VO2max estimate | B63: =IF(COUNT(B59:B62)=0,"",AVERAGE(B59:B62)) -> 31.150208
A64: Fitness percentile (mean of tests) | B64: =IF(COUNT(E59:E62)=0,"",AVERAGE(E59:E62)) -> 60.577724
A65: Norms: FRIEND 2022 (US, directly measured). Swimming and elliptical results are not comparable and have no entry. No test entered = fitness left out of the composite.
A67: Proportion: shape against the ideal ratios (the waist is scored under leanness, not here)
A68: ratio | B68: group | C68: actual | D68: ideal | E68: deviation | F68: log deviation | G68: numerator now (cm) | H68: numerator at ideal (cm)
A69: =Parameters!$A$77 -> arm_wrist | B69: =Parameters!$D$77 -> upper | C69: =IF(AND(Parameters!$G$77<>"both",Parameters!$G$77<>m_sex),"",IF(OR(INDEX($B$7:$B$43,MATCH(Parameters!$B$77,$A$7:$A$43,0))="",INDEX($B$7:$B$43,MATCH(Parameters!$C$77,$A$7:$A$43,0))=""),"",INDEX($B$7:$B$43,MATCH(Parameters!$B$77,$A$7:$A$43,0))/INDEX($B$7:$B$43,MATCH(Parameters!$C$77,$A$7:$A$43,0)))) | D69: =Parameters!$E$77 -> 2.52 | E69: =IF(C69="","",C69/D69-1) | F69: =IF(C69="","",LN(C69/D69)) | G69: =IF(C69="","",INDEX($B$7:$B$43,MATCH(Parameters!$B$77,$A$7:$A$43,0))) | H69: =IF(C69="","",D69*INDEX($B$7:$B$43,MATCH(Parameters!$C$77,$A$7:$A$43,0)))
A70: =Parameters!$A$78 -> forearm_wrist | B70: =Parameters!$D$78 -> upper | C70: =IF(AND(Parameters!$G$78<>"both",Parameters!$G$78<>m_sex),"",IF(OR(INDEX($B$7:$B$43,MATCH(Parameters!$B$78,$A$7:$A$43,0))="",INDEX($B$7:$B$43,MATCH(Parameters!$C$78,$A$7:$A$43,0))=""),"",INDEX($B$7:$B$43,MATCH(Parameters!$B$78,$A$7:$A$43,0))/INDEX($B$7:$B$43,MATCH(Parameters!$C$78,$A$7:$A$43,0)))) | D70: =Parameters!$E$78 -> 1.885 | E70: =IF(C70="","",C70/D70-1) | F70: =IF(C70="","",LN(C70/D70)) | G70: =IF(C70="","",INDEX($B$7:$B$43,MATCH(Parameters!$B$78,$A$7:$A$43,0))) | H70: =IF(C70="","",D70*INDEX($B$7:$B$43,MATCH(Parameters!$C$78,$A$7:$A$43,0)))
A71: =Parameters!$A$79 -> chest_wrist | B71: =Parameters!$D$79 -> upper | C71: =IF(AND(Parameters!$G$79<>"both",Parameters!$G$79<>m_sex),"",IF(OR(INDEX($B$7:$B$43,MATCH(Parameters!$B$79,$A$7:$A$43,0))="",INDEX($B$7:$B$43,MATCH(Parameters!$C$79,$A$7:$A$43,0))=""),"",INDEX($B$7:$B$43,MATCH(Parameters!$B$79,$A$7:$A$43,0))/INDEX($B$7:$B$43,MATCH(Parameters!$C$79,$A$7:$A$43,0)))) | D71: =Parameters!$E$79 -> 6.5 | E71: =IF(C71="","",C71/D71-1) | F71: =IF(C71="","",LN(C71/D71)) | G71: =IF(C71="","",INDEX($B$7:$B$43,MATCH(Parameters!$B$79,$A$7:$A$43,0))) | H71: =IF(C71="","",D71*INDEX($B$7:$B$43,MATCH(Parameters!$C$79,$A$7:$A$43,0)))
A72: =Parameters!$A$80 -> thigh_knee | B72: =Parameters!$D$80 -> lower | C72: =IF(AND(Parameters!$G$80<>"both",Parameters!$G$80<>m_sex),"",IF(OR(INDEX($B$7:$B$43,MATCH(Parameters!$B$80,$A$7:$A$43,0))="",INDEX($B$7:$B$43,MATCH(Parameters!$C$80,$A$7:$A$43,0))=""),"",INDEX($B$7:$B$43,MATCH(Parameters!$B$80,$A$7:$A$43,0))/INDEX($B$7:$B$43,MATCH(Parameters!$C$80,$A$7:$A$43,0)))) | D72: =Parameters!$E$80 -> 1.75 | E72: =IF(C72="","",C72/D72-1) | F72: =IF(C72="","",LN(C72/D72)) | G72: =IF(C72="","",INDEX($B$7:$B$43,MATCH(Parameters!$B$80,$A$7:$A$43,0))) | H72: =IF(C72="","",D72*INDEX($B$7:$B$43,MATCH(Parameters!$C$80,$A$7:$A$43,0)))
A73: =Parameters!$A$81 -> calf_ankle | B73: =Parameters!$D$81 -> lower | C73: =IF(AND(Parameters!$G$81<>"both",Parameters!$G$81<>m_sex),"",IF(OR(INDEX($B$7:$B$43,MATCH(Parameters!$B$81,$A$7:$A$43,0))="",INDEX($B$7:$B$43,MATCH(Parameters!$C$81,$A$7:$A$43,0))=""),"",INDEX($B$7:$B$43,MATCH(Parameters!$B$81,$A$7:$A$43,0))/INDEX($B$7:$B$43,MATCH(Parameters!$C$81,$A$7:$A$43,0)))) | D73: =Parameters!$E$81 -> 1.92 | E73: =IF(C73="","",C73/D73-1) | F73: =IF(C73="","",LN(C73/D73)) | G73: =IF(C73="","",INDEX($B$7:$B$43,MATCH(Parameters!$B$81,$A$7:$A$43,0))) | H73: =IF(C73="","",D73*INDEX($B$7:$B$43,MATCH(Parameters!$C$81,$A$7:$A$43,0)))
A74: =Parameters!$A$82 -> shoulders_chest | B74: =Parameters!$D$82 -> shape | C74: =IF(AND(Parameters!$G$82<>"both",Parameters!$G$82<>m_sex),"",IF(OR(INDEX($B$7:$B$43,MATCH(Parameters!$B$82,$A$7:$A$43,0))="",INDEX($B$7:$B$43,MATCH(Parameters!$C$82,$A$7:$A$43,0))=""),"",INDEX($B$7:$B$43,MATCH(Parameters!$B$82,$A$7:$A$43,0))/INDEX($B$7:$B$43,MATCH(Parameters!$C$82,$A$7:$A$43,0)))) | D74: =Parameters!$E$82 -> 1.133 | E74: =IF(C74="","",C74/D74-1) | F74: =IF(C74="","",LN(C74/D74)) | G74: =IF(C74="","",INDEX($B$7:$B$43,MATCH(Parameters!$B$82,$A$7:$A$43,0))) | H74: =IF(C74="","",D74*INDEX($B$7:$B$43,MATCH(Parameters!$C$82,$A$7:$A$43,0)))
A75: =Parameters!$A$83 -> neck_arm | B75: =Parameters!$D$83 -> shape | C75: =IF(AND(Parameters!$G$83<>"both",Parameters!$G$83<>m_sex),"",IF(OR(INDEX($B$7:$B$43,MATCH(Parameters!$B$83,$A$7:$A$43,0))="",INDEX($B$7:$B$43,MATCH(Parameters!$C$83,$A$7:$A$43,0))=""),"",INDEX($B$7:$B$43,MATCH(Parameters!$B$83,$A$7:$A$43,0))/INDEX($B$7:$B$43,MATCH(Parameters!$C$83,$A$7:$A$43,0)))) | D75: =Parameters!$E$83 -> 1 | E75: =IF(C75="","",C75/D75-1) | F75: =IF(C75="","",LN(C75/D75)) | G75: =IF(C75="","",INDEX($B$7:$B$43,MATCH(Parameters!$B$83,$A$7:$A$43,0))) | H75: =IF(C75="","",D75*INDEX($B$7:$B$43,MATCH(Parameters!$C$83,$A$7:$A$43,0)))
A76: =Parameters!$A$84 -> hips_height | B76: =Parameters!$D$84 -> shape | C76: =IF(AND(Parameters!$G$84<>"both",Parameters!$G$84<>m_sex),"",IF(OR(INDEX($B$7:$B$43,MATCH(Parameters!$B$84,$A$7:$A$43,0))="",INDEX($B$7:$B$43,MATCH(Parameters!$C$84,$A$7:$A$43,0))=""),"",INDEX($B$7:$B$43,MATCH(Parameters!$B$84,$A$7:$A$43,0))/INDEX($B$7:$B$43,MATCH(Parameters!$C$84,$A$7:$A$43,0)))) -> 0.6097561 | D76: =Parameters!$E$84 -> 0.64285714 | E76: =IF(C76="","",C76/D76-1) -> -0.051490515 | F76: =IF(C76="","",LN(C76/D76)) -> -0.05286349 | G76: =IF(C76="","",INDEX($B$7:$B$43,MATCH(Parameters!$B$84,$A$7:$A$43,0))) -> 100 | H76: =IF(C76="","",D76*INDEX($B$7:$B$43,MATCH(Parameters!$C$84,$A$7:$A$43,0))) -> 105.42857
A77: =Parameters!$A$85 -> shoulders_hips | B77: =Parameters!$D$85 -> shape | C77: =IF(AND(Parameters!$G$85<>"both",Parameters!$G$85<>m_sex),"",IF(OR(INDEX($B$7:$B$43,MATCH(Parameters!$B$85,$A$7:$A$43,0))="",INDEX($B$7:$B$43,MATCH(Parameters!$C$85,$A$7:$A$43,0))=""),"",INDEX($B$7:$B$43,MATCH(Parameters!$B$85,$A$7:$A$43,0))/INDEX($B$7:$B$43,MATCH(Parameters!$C$85,$A$7:$A$43,0)))) -> 1.02 | D77: =Parameters!$E$85 -> 1 | E77: =IF(C77="","",C77/D77-1) -> 0.02 | F77: =IF(C77="","",LN(C77/D77)) -> 0.019802627 | G77: =IF(C77="","",INDEX($B$7:$B$43,MATCH(Parameters!$B$85,$A$7:$A$43,0))) -> 102 | H77: =IF(C77="","",D77*INDEX($B$7:$B$43,MATCH(Parameters!$C$85,$A$7:$A$43,0))) -> 100
A78: Overall distance from ideal (RMS of log deviations, as %) | B78: =IF(COUNT($F$69:$F$77)=0,"",EXP(SQRT(SUMSQ($F$69:$F$77)/COUNT($F$69:$F$77)))-1) -> 0.040724122 | C78: Typical proportional error per ratio, over or under
A79: Upper vs lower balance | B79: =IF(OR(COUNTIFS($B$69:$B$77,"upper",$F$69:$F$77,">-100")=0,COUNTIFS($B$69:$B$77,"lower",$F$69:$F$77,">-100")=0),"",EXP(AVERAGEIF($B$69:$B$77,"upper",$F$69:$F$77)-AVERAGEIF($B$69:$B$77,"lower",$F$69:$F$77))-1) | C79: Positive: upper body ahead of legs, relative to each group's ideal. Men only: the female ideals have no limb ratios
A80: Note: numerator at ideal = size that would satisfy the ratio if the denominator stayed as it is. For bone-anchored ratios that is a real target; for waist/chest-type ratios either side may be the one to move.
A82: Symmetry: left vs right
A83: site | B83: left (cm) | C83: right (cm) | D83: right - left | E83: asymmetry | F83: assessment
A84: Wrist | B84: =m_wrist_l -> 15 | C84: =m_wrist_r -> 15 | D84: =IF(COUNT(B84:C84)<2,"",C84-B84) -> 0 | E84: =IF(D84="","",ABS(D84)/AVERAGE(B84:C84)) -> 0 | F84: =IF(D84="","",IF(ABS(D84)>p_lr_tol_cm,"beyond tape error","within tape error")) -> within tape error
A85: Forearm | B85: =m_forearm_l -> 23.5 | C85: =m_forearm_r -> 24 | D85: =IF(COUNT(B85:C85)<2,"",C85-B85) -> 0.5 | E85: =IF(D85="","",ABS(D85)/AVERAGE(B85:C85)) -> 0.021052632 | F85: =IF(D85="","",IF(ABS(D85)>p_lr_tol_cm,"beyond tape error","within tape error")) -> within tape error
A86: Upper arm | B86: =m_arm_l -> 28 | C86: =m_arm_r -> 28.5 | D86: =IF(COUNT(B86:C86)<2,"",C86-B86) -> 0.5 | E86: =IF(D86="","",ABS(D86)/AVERAGE(B86:C86)) -> 0.017699115 | F86: =IF(D86="","",IF(ABS(D86)>p_lr_tol_cm,"beyond tape error","within tape error")) -> within tape error
A87: Thigh (for proportions) | B87: =m_thigh_l -> 56 | C87: =m_thigh_r -> 56.5 | D87: =IF(COUNT(B87:C87)<2,"",C87-B87) -> 0.5 | E87: =IF(D87="","",ABS(D87)/AVERAGE(B87:C87)) -> 0.0088888889 | F87: =IF(D87="","",IF(ABS(D87)>p_lr_tol_cm,"beyond tape error","within tape error")) -> within tape error
A88: Thigh, relaxed (for Butt) | B88: =m_thigh_relaxed_l -> 54 | C88: =m_thigh_relaxed_r -> 54.5 | D88: =IF(COUNT(B88:C88)<2,"",C88-B88) -> 0.5 | E88: =IF(D88="","",ABS(D88)/AVERAGE(B88:C88)) -> 0.0092165899 | F88: =IF(D88="","",IF(ABS(D88)>p_lr_tol_cm,"beyond tape error","within tape error")) -> within tape error
A89: Knee | B89: =m_knee_l -> 36 | C89: =m_knee_r -> 36 | D89: =IF(COUNT(B89:C89)<2,"",C89-B89) -> 0 | E89: =IF(D89="","",ABS(D89)/AVERAGE(B89:C89)) -> 0 | F89: =IF(D89="","",IF(ABS(D89)>p_lr_tol_cm,"beyond tape error","within tape error")) -> within tape error
A90: Calf (for proportions) | B90: =m_calf_l -> 36 | C90: =m_calf_r -> 36.5 | D90: =IF(COUNT(B90:C90)<2,"",C90-B90) -> 0.5 | E90: =IF(D90="","",ABS(D90)/AVERAGE(B90:C90)) -> 0.013793103 | F90: =IF(D90="","",IF(ABS(D90)>p_lr_tol_cm,"beyond tape error","within tape error")) -> within tape error
A91: Calf, relaxed (for Butt) | B91: =m_calf_relaxed_l -> 35 | C91: =m_calf_relaxed_r -> 35.5 | D91: =IF(COUNT(B91:C91)<2,"",C91-B91) -> 0.5 | E91: =IF(D91="","",ABS(D91)/AVERAGE(B91:C91)) -> 0.014184397 | F91: =IF(D91="","",IF(ABS(D91)>p_lr_tol_cm,"beyond tape error","within tape error")) -> within tape error
A92: Ankle | B92: =m_ankle_l -> 21 | C92: =m_ankle_r -> 21 | D92: =IF(COUNT(B92:C92)<2,"",C92-B92) -> 0 | E92: =IF(D92="","",ABS(D92)/AVERAGE(B92:C92)) -> 0 | F92: =IF(D92="","",IF(ABS(D92)>p_lr_tol_cm,"beyond tape error","within tape error")) -> within tape error
A93: Wrist, knee and ankle are bone: any difference there is mostly measurement error, which calibrates how far to trust the muscle rows.
A95: Natural potential: lean mass
A96: model | B96: max lean mass (kg) | C96: current lean (kg) | D96: attained | E96: remaining (kg) | F96: max weight at target BF (kg)
A97: Casey Butt (height, wrist, ankle; at target BF; men only) | B97: =IF(m_sex="female","",p_kg_per_lb*(m_height/p_cm_per_in)^1.5*(SQRT(m_wrist/p_cm_per_in)/p_butt_w+SQRT(m_ankle/p_cm_per_in)/p_butt_a)*(p_target_bf*100/p_butt_bf+1)) | C97: =IF(B97="","",r_lbm) | D97: =IF(B97="","",C97/B97) | E97: =IF(B97="","",B97-C97) | F97: =IF(B97="","",B97/(1-p_target_bf))
A98: Berkhan (height only; men only) | B98: =IF(m_sex="female","",(m_height-p_berkhan_offset)*(1-p_berkhan_bf)) | C98: =IF(B98="","",r_lbm) | D98: =IF(B98="","",C98/B98) | E98: =IF(B98="","",B98-C98) | F98: =IF(B98="","",B98/(1-p_target_bf))
A99: FFMI ceiling (men: Kouri 25; women: Harty 23.9) | B99: =(p_ffmi_ceiling-p_ffmi_norm*p_ffmi_slope*(p_ffmi_ref_h-m_height/100))*(m_height/100)^2 -> 64.28144 | C99: =IF(B99="","",r_lbm) -> 45.740773 | D99: =IF(B99="","",C99/B99) -> 0.71157044 | E99: =IF(B99="","",B99-C99) -> 18.540667 | F99: =IF(B99="","",B99/(1-p_target_bf)) -> 82.412103
A100: FFMI 19.2 (Symmetric Strength's female estimate; women only) | B100: =IF(m_sex="female",p_ffmi_alt_f*(m_height/100)^2,"") -> 51.64032 | C100: =IF(B100="","",r_lbm) -> 45.740773 | D100: =IF(B100="","",C100/B100) -> 0.88575696 | E100: =IF(B100="","",B100-C100) -> 5.8995472 | F100: =IF(B100="","",B100/(1-p_target_bf)) -> 66.205538
A101: Ceiling used for the size score | B101: =IF(p_size_model="Butt",B97,B99) -> 64.28144 | C101: ="model: "&p_size_model -> model: FFMI
A102: The spread between models is the honest error bar. Current lean mass inherits the body-fat method's error.
A104: Natural potential: girths (Casey Butt)
A105: site | B105: max girth (cm) | C105: current (cm) | D105: attained | E105: Butt's protocol
A106: =Parameters!$A$89 -> chest | B106: =IF(m_sex="female","",Parameters!$B$89*m_wrist+Parameters!$C$89*m_ankle+Parameters!$D$89*m_height) | C106: =INDEX($B$7:$B$43,MATCH(Parameters!$F$89,$A$7:$A$43,0)) -> 90 | D106: =IF(OR(B106="",C106=""),"",C106/B106) | E106: =Parameters!$E$89 -> relaxed, not expanded
A107: =Parameters!$A$90 -> arm | B107: =IF(m_sex="female","",Parameters!$B$90*m_wrist+Parameters!$C$90*m_ankle+Parameters!$D$90*m_height) | C107: =INDEX($B$7:$B$43,MATCH(Parameters!$F$90,$A$7:$A$43,0)) -> 28.25 | D107: =IF(OR(B107="",C107=""),"",C107/B107) | E107: =Parameters!$E$90 -> flexed
...

Sheet Strength
A1: Strength assessment (Symmetric Strength method)
A2: Analysis date | B2: =r_date -> 46266
A3: Bodyweight (kg) | B3: =m_weight -> 66
A4: Age | B4: =m_age -> 38
A5: Age coefficient | B5: =INDEX(t_agecoef,MATCH(MIN(90,MAX(14,INT(m_age))),t_ages,0)) -> 1
A6: Wilks coefficient | B6: =500/(p_wilks_a+p_wilks_b*m_weight+p_wilks_c*m_weight^2+p_wilks_d*m_weight^3+p_wilks_e*m_weight^4+p_wilks_f*m_weight^5) -> 1.037374
A7: Powerlifting total per kg of deadlift | B7: =1+pl_ratio_squat+pl_ratio_bench -> 2.41
A8: Score per kg of deadlift-equivalent | B8: =s_plsum*s_wilks/4*s_agec -> 0.62501785 | C8: A lift's score = 1/4 of the age-adjusted Wilks of the total you would have if every lift matched it
A10: Lifts
A11: lift | B11: category | C11: load entered | D11: reps | E11: total load (kg) | F11: est. 1RM (kg) | G11: est. 1RM, added weight (bodyweight lifts) | H11: deadlift equiv. (kg) | I11: score | J11: tier | K11: vs overall | L11: class | M11: note | N11: _score | O11: _entered | P11: _cat|score
A12: =Parameters!$B$196 -> Back squat | B12: =Parameters!$C$196 -> squat | C12: =IF(INDEX(Measurements!$E$2:$AH$69,MATCH("squat_load",Measurements!$A$2:$A$69,0),r_col)="","",INDEX(Measurements!$E$2:$AH$69,MATCH("squat_load",Measurements!$A$2:$A$69,0),r_col)) -> 50 | D12: =IF(INDEX(Measurements!$E$2:$AH$69,MATCH("squat_reps",Measurements!$A$2:$A$69,0),r_col)="","",INT(INDEX(Measurements!$E$2:$AH$69,MATCH("squat_reps",Measurements!$A$2:$A$69,0),r_col))) -> 5 | E12: =IF(OR(C12="",D12=""),"",C12+IF(Parameters!$D$196=1,m_weight,0)) -> 50 | F12: =IF(E12="","",E12*100/(p_wathan_a+p_wathan_b*EXP(-p_wathan_k*D12))) -> 58.291253 | G12: =IF(F12="","",F12-IF(Parameters!$D$196=1,m_weight,0)) -> 58.291253 | H12: =IF(F12="","",IF((F12/Parameters!$F$196-Parameters!$AC$196*m_weight)/IF(Parameters!$E$196="",1,INDEX(Parameters!$G$196:$G$212,MATCH(Parameters!$E$196,Parameters!$A$196:$A$212,0)))<=0,"",(F12/Parameters!$F$196-Parameters!$AC$196*m_weight)/IF(Parameters!$E$196="",1,INDEX(Parameters!$G$196:$G$212,MATCH(Parameters!$E$196,Parameters!$A$196:$A$212,0))))) -> 69.394348 | I12: =IF(H12="","",H12*s_perkg) -> 43.372706 | J12: =IF(I12="","",INDEX(t_names,MATCH(I12,t_mins,1))) -> Untrained | K12: =IF(I12="","",I12/s_overall-1) -> -0.10895235 | L12: =IF(K12="","",IF(K12>p_dev_tol,"strong",IF(K12<-p_dev_tol,"weak","in line"))) -> weak | M12: =IF(AND(F12<>"",H12=""),"below the conversion's range: not scored","") | N12: =IF(I12="",0,I12) -> 43.372706 | O12: =IF(I12="",0,1) -> 1 | P12: =IF(I12="","",B12&"|"&I12) -> squat|43.3727061701956
A13: =Parameters!$B$197 -> Front squat | B13: =Parameters!$C$197 -> squat | C13: =IF(INDEX(Measurements!$E$2:$AH$69,MATCH("front_squat_load",Measurements!$A$2:$A$69,0),r_col)="","",INDEX(Measurements!$E$2:$AH$69,MATCH("front_squat_load",Measurements!$A$2:$A$69,0),r_col)) | D13: =IF(INDEX(Measurements!$E$2:$AH$69,MATCH("front_squat_reps",Measurements!$A$2:$A$69,0),r_col)="","",INT(INDEX(Measurements!$E$2:$AH$69,MATCH("front_squat_reps",Measurements!$A$2:$A$69,0),r_col))) | E13: =IF(OR(C13="",D13=""),"",C13+IF(Parameters!$D$197=1,m_weight,0)) | F13: =IF(E13="","",E13*100/(p_wathan_a+p_wathan_b*EXP(-p_wathan_k*D13))) | G13: =IF(F13="","",F13-IF(Parameters!$D$197=1,m_weight,0)) | H13: =IF(F13="","",IF((F13/Parameters!$F$197-Parameters!$AC$197*m_weight)/IF(Parameters!$E$197="",1,INDEX(Parameters!$G$196:$G$212,MATCH(Parameters!$E$197,Parameters!$A$196:$A$212,0)))<=0,"",(F13/Parameters!$F$197-Parameters!$AC$197*m_weight)/IF(Parameters!$E$197="",1,INDEX(Parameters!$G$196:$G$212,MATCH(Parameters!$E$197,Parameters!$A$196:$A$212,0))))) | I13: =IF(H13="","",H13*s_perkg) | J13: =IF(I13="","",INDEX(t_names,MATCH(I13,t_mins,1))) | K13: =IF(I13="","",I13/s_overall-1) | L13: =IF(K13="","",IF(K13>p_dev_tol,"strong",IF(K13<-p_dev_tol,"weak","in line"))) | M13: =IF(AND(F13<>"",H13=""),"below the conversion's range: not scored","") | N13: =IF(I13="",0,I13) -> 0 | O13: =IF(I13="",0,1) -> 0 | P13: =IF(I13="","",B13&"|"&I13)
A14: =Parameters!$B$198 -> 45-degree leg press | B14: =Parameters!$C$198 -> squat | C14: =IF(INDEX(Measurements!$E$2:$AH$69,MATCH("leg_press_load",Measurements!$A$2:$A$69,0),r_col)="","",INDEX(Measurements!$E$2:$AH$69,MATCH("leg_press_load",Measurements!$A$2:$A$69,0),r_col)) -> 120 | D14: =IF(INDEX(Measurements!$E$2:$AH$69,MATCH("leg_press_reps",Measurements!$A$2:$A$69,0),r_col)="","",INT(INDEX(Measurements!$E$2:$AH$69,MATCH("leg_press_reps",Measurements!$A$2:$A$69,0),r_col))) -> 10 | E14: =IF(OR(C14="",D14=""),"",C14+IF(Parameters!$D$198=1,m_weight,0)) -> 120 | F14: =IF(E14="","",E14*100/(p_wathan_a+p_wathan_b*EXP(-p_wathan_k*D14))) -> 161.69604 | G14: =IF(F14="","",F14-IF(Parameters!$D$198=1,m_weight,0)) -> 161.69604 | H14: =IF(F14="","",IF((F14/Parameters!$F$198-Parameters!$AC$198*m_weight)/IF(Parameters!$E$198="",1,INDEX(Parameters!$G$196:$G$212,MATCH(Parameters!$E$198,Parameters!$A$196:$A$212,0)))<=0,"",(F14/Parameters!$F$198-Parameters!$AC$198*m_weight)/IF(Parameters!$E$198="",1,INDEX(Parameters!$G$196:$G$212,MATCH(Parameters!$E$198,Parameters!$A$196:$A$212,0))))) -> 58.925204 | I14: =IF(H14="","",H14*s_perkg) -> 36.829304 | J14: =IF(I14="","",INDEX(t_names,MATCH(I14,t_mins,1))) -> Untrained | K14: =IF(I14="","",I14/s_overall-1) -> -0.24337983 | L14: =IF(K14="","",IF(K14>p_dev_tol,"strong",IF(K14<-p_dev_tol,"weak","in line"))) -> weak | M14: =IF(AND(F14<>"",H14=""),"below the conversion's range: not scored","") | N14: =IF(I14="",0,I14) -> 36.829304 | O14: =IF(I14="",0,1) -> 1 | P14: =IF(I14="","",B14&"|"&I14) -> squat|36.829303813568
A15: =Parameters!$B$199 -> Deadlift | B15: =Parameters!$C$199 -> floor pull | C15: =IF(INDEX(Measurements!$E$2:$AH$69,MATCH("deadlift_load",Measurements!$A$2:$A$69,0),r_col)="","",INDEX(Measurements!$E$2:$AH$69,MATCH("deadlift_load",Measurements!$A$2:$A$69,0),r_col)) -> 70 | D15: =IF(INDEX(Measurements!$E$2:$AH$69,MATCH("deadlift_reps",Measurements!$A$2:$A$69,0),r_col)="","",INT(INDEX(Measurements!$E$2:$AH$69,MATCH("deadlift_reps",Measurements!$A$2:$A$69,0),r_col))) -> 5 | E15: =IF(OR(C15="",D15=""),"",C15+IF(Parameters!$D$199=1,m_weight,0)) -> 70 | F15: =IF(E15="","",E15*100/(p_wathan_a+p_wathan_b*EXP(-p_wathan_k*D15))) -> 81.607754 | G15: =IF(F15="","",F15-IF(Parameters!$D$199=1,m_weight,0)) -> 81.607754 | H15: =IF(F15="","",IF((F15/Parameters!$F$199-Parameters!$AC$199*m_weight)/IF(Parameters!$E$199="",1,INDEX(Parameters!$G$196:$G$212,MATCH(Parameters!$E$199,Parameters!$A$196:$A$212,0)))<=0,"",(F15/Parameters!$F$199-Parameters!$AC$199*m_weight)/IF(Parameters!$E$199="",1,INDEX(Parameters!$G$196:$G$212,MATCH(Parameters!$E$199,Parameters!$A$196:$A$212,0))))) -> 81.607754 | I15: =IF(H15="","",H15*s_perkg) -> 51.006302 | J15: =IF(I15="","",INDEX(t_names,MATCH(I15,t_mins,1))) -> Novice | K15: =IF(I15="","",I15/s_overall-1) -> 0.047872031 | L15: =IF(K15="","",IF(K15>p_dev_tol,"strong",IF(K15<-p_dev_tol,"weak","in line"))) -> in line | M15: =IF(AND(F15<>"",H15=""),"below the conversion's range: not scored","") | N15: =IF(I15="",0,I15) -> 51.006302 | O15: =IF(I15="",0,1) -> 1 | P15: =IF(I15="","",B15&"|"&I15) -> floor pull|51.00630245615
A16: =Parameters!$B$200 -> Sumo deadlift | B16: =Parameters!$C$200 -> floor pull | C16: =IF(INDEX(Measurements!$E$2:$AH$69,MATCH("sumo_deadlift_load",Measurements!$A$2:$A$69,0),r_col)="","",INDEX(Measurements!$E$2:$AH$69,MATCH("sumo_deadlift_load",Measurements!$A$2:$A$69,0),r_col)) | D16: =IF(INDEX(Measurements!$E$2:$AH$69,MATCH("sumo_deadlift_reps",Measurements!$A$2:$A$69,0),r_col)="","",INT(INDEX(Measurements!$E$2:$AH$69,MATCH("sumo_deadlift_reps",Measurements!$A$2:$A$69,0),r_col))) | E16: =IF(OR(C16="",D16=""),"",C16+IF(Parameters!$D$200=1,m_weight,0)) | F16: =IF(E16="","",E16*100/(p_wathan_a+p_wathan_b*EXP(-p_wathan_k*D16))) | G16: =IF(F16="","",F16-IF(Parameters!$D$200=1,m_weight,0)) | H16: =IF(F16="","",IF((F16/Parameters!$F$200-Parameters!$AC$200*m_weight)/IF(Parameters!$E$200="",1,INDEX(Parameters!$G$196:$G$212,MATCH(Parameters!$E$200,Parameters!$A$196:$A$212,0)))<=0,"",(F16/Parameters!$F$200-Parameters!$AC$200*m_weight)/IF(Parameters!$E$200="",1,INDEX(Parameters!$G$196:$G$212,MATCH(Parameters!$E$200,Parameters!$A$196:$A$212,0))))) | I16: =IF(H16="","",H16*s_perkg) | J16: =IF(I16="","",INDEX(t_names,MATCH(I16,t_mins,1))) | K16: =IF(I16="","",I16/s_overall-1) | L16: =IF(K16="","",IF(K16>p_dev_tol,"strong",IF(K16<-p_dev_tol,"weak","in line"))) | M16: =IF(AND(F16<>"",H16=""),"below the conversion's range: not scored","") | N16: =IF(I16="",0,I16) -> 0 | O16: =IF(I16="",0,1) -> 0 | P16: =IF(I16="","",B16&"|"&I16)
A17: =Parameters!$B$201 -> Power clean | B17: =Parameters!$C$201 -> floor pull | C17: =IF(INDEX(Measurements!$E$2:$AH$69,MATCH("power_clean_load",Measurements!$A$2:$A$69,0),r_col)="","",INDEX(Measurements!$E$2:$AH$69,MATCH("power_clean_load",Measurements!$A$2:$A$69,0),r_col)) | D17: =IF(INDEX(Measurements!$E$2:$AH$69,MATCH("power_clean_reps",Measurements!$A$2:$A$69,0),r_col)="","",INT(INDEX(Measurements!$E$2:$AH$69,MATCH("power_clean_reps",Measurements!$A$2:$A$69,0),r_col))) | E17: =IF(OR(C17="",D17=""),"",C17+IF(Parameters!$D$201=1,m_weight,0)) | F17: =IF(E17="","",E17*100/(p_wathan_a+p_wathan_b*EXP(-p_wathan_k*D17))) | G17: =IF(F17="","",F17-IF(Parameters!$D$201=1,m_weight,0)) | H17: =IF(F17="","",IF((F17/Parameters!$F$201-Parameters!$AC$201*m_weight)/IF(Parameters!$E$201="",1,INDEX(Parameters!$G$196:$G$212,MATCH(Parameters!$E$201,Parameters!$A$196:$A$212,0)))<=0,"",(F17/Parameters!$F$201-Parameters!$AC$201*m_weight)/IF(Parameters!$E$201="",1,INDEX(Parameters!$G$196:$G$212,MATCH(Parameters!$E$201,Parameters!$A$196:$A$212,0))))) | I17: =IF(H17="","",H17*s_perkg) | J17: =IF(I17="","",INDEX(t_names,MATCH(I17,t_mins,1))) | K17: =IF(I17="","",I17/s_overall-1) | L17: =IF(K17="","",IF(K17>p_dev_tol,"strong",IF(K17<-p_dev_tol,"weak","in line"))) | M17: =IF(AND(F17<>"",H17=""),"below the conversion's range: not scored","") | N17: =IF(I17="",0,I17) -> 0 | O17: =IF(I17="",0,1) -> 0 | P17: =IF(I17="","",B17&"|"&I17)
A18: =Parameters!$B$202 -> Bench press | B18: =Parameters!$C$202 -> horizontal press | C18: =IF(INDEX(Measurements!$E$2:$AH$69,MATCH("bench_load",Measurements!$A$2:$A$69,0),r_col)="","",INDEX(Measurements!$E$2:$AH$69,MATCH("bench_load",Measurements!$A$2:$A$69,0),r_col)) -> 32.5 | D18: =IF(INDEX(Measurements!$E$2:$AH$69,MATCH("bench_reps",Measurements!$A$2:$A$69,0),r_col)="","",INT(INDEX(Measurements!$E$2:$AH$69,MATCH("bench_reps",Measurements!$A$2:$A$69,0),r_col))) -> 5 | E18: =IF(OR(C18="",D18=""),"",C18+IF(Parameters!$D$202=1,m_weight,0)) -> 32.5 | F18: =IF(E18="","",E18*100/(p_wathan_a+p_wathan_b*EXP(-p_wathan_k*D18))) -> 37.889314 | G18: =IF(F18="","",F18-IF(Parameters!$D$202=1,m_weight,0)) -> 37.889314 | H18: =IF(F18="","",IF((F18/Parameters!$F$202-Parameters!$AC$202*m_weight)/IF(Parameters!$E$202="",1,INDEX(Parameters!$G$196:$G$212,MATCH(Parameters!$E$202,Parameters!$A$196:$A$212,0)))<=0,"",(F18/Parameters!$F$202-Parameters!$AC$202*m_weight)/IF(Parameters!$E$202="",1,INDEX(Parameters!$G$196:$G$212,MATCH(Parameters!$E$202,Parameters!$A$196:$A$212,0))))) -> 66.472481 | I18: =IF(H18="","",H18*s_perkg) -> 41.546487 | J18: =IF(I18="","",INDEX(t_names,MATCH(I18,t_mins,1))) -> Untrained | K18: =IF(I18="","",I18/s_overall-1) -> -0.14647015 | L18: =IF(K18="","",IF(K18>p_dev_tol,"strong",IF(K18<-p_dev_tol,"weak","in line"))) -> weak | M18: =IF(AND(F18<>"",H18=""),"below the conversion's range: not scored","") | N18: =IF(I18="",0,I18) -> 41.546487 | O18: =IF(I18="",0,1) -> 1 | P18: =IF(I18="","",B18&"|"&I18) -> horizontal press|41.5464869630295
A19: =Parameters!$B$203 -> Incline bench press | B19: =Parameters!$C$203 -> horizontal press | C19: =IF(INDEX(Measurements!$E$2:$AH$69,MATCH("incline_bench_load",Measurements!$A$2:$A$69,0),r_col)="","",INDEX(Measurements!$E$2:$AH$69,MATCH("incline_bench_load",Measurements!$A$2:$A$69,0),r_col)) | D19: =IF(INDEX(Measurements!$E$2:$AH$69,MATCH("incline_bench_reps",Measurements!$A$2:$A$69,0),r_col)="","",INT(INDEX(Measurements!$E$2:$AH$69,MATCH("incline_bench_reps",Measurements!$A$2:$A$69,0),r_col))) | E19: =IF(OR(C19="",D19=""),"",C19+IF(Parameters!$D$203=1,m_weight,0)) | F19: =IF(E19="","",E19*100/(p_wathan_a+p_wathan_b*EXP(-p_wathan_k*D19))) | G19: =IF(F19="","",F19-IF(Parameters!$D$203=1,m_weight,0)) | H19: =IF(F19="","",IF((F19/Parameters!$F$203-Parameters!$AC$203*m_weight)/IF(Parameters!$E$203="",1,INDEX(Parameters!$G$196:$G$212,MATCH(Parameters!$E$203,Parameters!$A$196:$A$212,0)))<=0,"",(F19/Parameters!$F$203-Parameters!$AC$203*m_weight)/IF(Parameters!$E$203="",1,INDEX(Parameters!$G$196:$G$212,MATCH(Parameters!$E$203,Parameters!$A$196:$A$212,0))))) | I19: =IF(H19="","",H19*s_perkg) | J19: =IF(I19="","",INDEX(t_names,MATCH(I19,t_mins,1))) | K19: =IF(I19="","",I19/s_overall-1) | L19: =IF(K19="","",IF(K19>p_dev_tol,"strong",IF(K19<-p_dev_tol,"weak","in line"))) | M19: =IF(AND(F19<>"",H19=""),"below the conversion's range: not scored","") | N19: =IF(I19="",0,I19) -> 0 | O19: =IF(I19="",0,1) -> 0 | P19: =IF(I19="","",B19&"|"&I19)
A20: =Parameters!$B$204 -> Dip | B20: =Parameters!$C$204 -> horizontal press | C20: =IF(INDEX(Measurements!$E$2:$AH$69,MATCH("dip_load",Measurements!$A$2:$A$69,0),r_col)="","",INDEX(Measurements!$E$2:$AH$69,MATCH("dip_load",Measurements!$A$2:$A$69,0),r_col)) | D20: =IF(INDEX(Measurements!$E$2:$AH$69,MATCH("dip_reps",Measurements!$A$2:$A$69,0),r_col)="","",INT(INDEX(Measurements!$E$2:$AH$69,MATCH("dip_reps",Measurements!$A$2:$A$69,0),r_col))) | E20: =IF(OR(C20="",D20=""),"",C20+IF(Parameters!$D$204=1,m_weight,0)) | F20: =IF(E20="","",E20*100/(p_wathan_a+p_wathan_b*EXP(-p_wathan_k*D20))) | G20: =IF(F20="","",F20-IF(Parameters!$D$204=1,m_weight,0)) | H20: =IF(F20="","",IF((F20/Parameters!$F$204-Parameters!$AC$204*m_weight)/IF(Parameters!$E$204="",1,INDEX(Parameters!$G$196:$G$212,MATCH(Parameters!$E$204,Parameters!$A$196:$A$212,0)))<=0,"",(F20/Parameters!$F$204-Parameters!$AC$204*m_weight)/IF(Parameters!$E$204="",1,INDEX(Parameters!$G$196:$G$212,MATCH(Parameters!$E$204,Parameters!$A$196:$A$212,0))))) | I20: =IF(H20="","",H20*s_perkg) | J20: =IF(I20="","",INDEX(t_names,MATCH(I20,t_mins,1))) | K20: =IF(I20="","",I20/s_overall-1) | L20: =IF(K20="","",IF(K20>p_dev_tol,"strong",IF(K20<-p_dev_tol,"weak","in line"))) | M20: =IF(AND(F20<>"",H20=""),"below the conversion's range: not scored","") | N20: =IF(I20="",0,I20) -> 0 | O20: =IF(I20="",0,1) -> 0 | P20: =IF(I20="","",B20&"|"&I20)
A21: =Parameters!$B$205 -> Overhead press | B21: =Parameters!$C$205 -> vertical press | C21: =IF(INDEX(Measurements!$E$2:$AH$69,MATCH("ohp_load",Measurements!$A$2:$A$69,0),r_col)="","",INDEX(Measurements!$E$2:$AH$69,MATCH("ohp_load",Measurements!$A$2:$A$69,0),r_col)) -> 25 | D21: =IF(INDEX(Measurements!$E$2:$AH$69,MATCH("ohp_reps",Measurements!$A$2:$A$69,0),r_col)="","",INT(INDEX(Measurements!$E$2:$AH$69,MATCH("ohp_reps",Measurements!$A$2:$A$69,0),r_col))) -> 5 | E21: =IF(OR(C21="",D21=""),"",C21+IF(Parameters!$D$205=1,m_weight,0)) -> 25 | F21: =IF(E21="","",E21*100/(p_wathan_a+p_wathan_b*EXP(-p_wathan_k*D21))) -> 29.145626 | G21: =IF(F21="","",F21-IF(Parameters!$D$205=1,m_weight,0)) -> 29.145626 | H21: =IF(F21="","",IF((F21/Parameters!$F$205-Parameters!$AC$205*m_weight)/IF(Parameters!$E$205="",1,INDEX(Parameters!$G$196:$G$212,MATCH(Parameters!$E$205,Parameters!$A$196:$A$212,0)))<=0,"",(F21/Parameters!$F$205-Parameters!$AC$205*m_weight)/IF(Parameters!$E$205="",1,INDEX(Parameters!$G$196:$G$212,MATCH(Parameters!$E$205,Parameters!$A$196:$A$212,0))))) -> 87.524403 | I21: =IF(H21="","",H21*s_perkg) -> 54.704314 | J21: =IF(I21="","",INDEX(t_names,MATCH(I21,t_mins,1))) -> Novice | K21: =IF(I21="","",I21/s_overall-1) -> 0.12384388 | L21: =IF(K21="","",IF(K21>p_dev_tol,"strong",IF(K21<-p_dev_tol,"weak","in line"))) -> strong | M21: =IF(AND(F21<>"",H21=""),"below the conversion's range: not scored","") | N21: =IF(I21="",0,I21) -> 54.704314 | O21: =IF(I21="",0,1) -> 1 | P21: =IF(I21="","",B21&"|"&I21) -> vertical press|54.704314088535
A22: =Parameters!$B$206 -> Push press | B22: =Parameters!$C$206 -> vertical press | C22: =IF(INDEX(Measurements!$E$2:$AH$69,MATCH("push_press_load",Measurements!$A$2:$A$69,0),r_col)="","",INDEX(Measurements!$E$2:$AH$69,MATCH("push_press_load",Measurements!$A$2:$A$69,0),r_col)) | D22: =IF(INDEX(Measurements!$E$2:$AH$69,MATCH("push_press_reps",Measurements!$A$2:$A$69,0),r_col)="","",INT(INDEX(Measurements!$E$2:$AH$69,MATCH("push_press_reps",Measurements!$A$2:$A$69,0),r_col))) | E22: =IF(OR(C22="",D22=""),"",C22+IF(Parameters!$D$206=1,m_weight,0)) | F22: =IF(E22="","",E22*100/(p_wathan_a+p_wathan_b*EXP(-p_wathan_k*D22))) | G22: =IF(F22="","",F22-IF(Parameters!$D$206=1,m_weight,0)) | H22: =IF(F22="","",IF((F22/Parameters!$F$206-Parameters!$AC$206*m_weight)/IF(Parameters!$E$206="",1,INDEX(Parameters!$G$196:$G$212,MATCH(Parameters!$E$206,Parameters!$A$196:$A$212,0)))<=0,"",(F22/Parameters!$F$206-Parameters!$AC$206*m_weight)/IF(Parameters!$E$206="",1,INDEX(Parameters!$G$196:$G$212,MATCH(Parameters!$E$206,Parameters!$A$196:$A$212,0))))) | I22: =IF(H22="","",H22*s_perkg) | J22: =IF(I22="","",INDEX(t_names,MATCH(I22,t_mins,1))) | K22: =IF(I22="","",I22/s_overall-1) | L22: =IF(K22="","",IF(K22>p_dev_tol,"strong",IF(K22<-p_dev_tol,"weak","in line"))) | M22: =IF(AND(F22<>"",H22=""),"below the conversion's range: not scored","") | N22: =IF(I22="",0,I22) -> 0 | O22: =IF(I22="",0,1) -> 0 | P22: =IF(I22="","",B22&"|"&I22)
A23: =Parameters!$B$207 -> Snatch press | B23: =Parameters!$C$207 -> vertical press | C23: =IF(INDEX(Measurements!$E$2:$AH$69,MATCH("snatch_press_load",Measurements!$A$2:$A$69,0),r_col)="","",INDEX(Measurements!$E$2:$AH$69,MATCH("snatch_press_load",Measurements!$A$2:$A$69,0),r_col)) | D23: =IF(INDEX(Measurements!$E$2:$AH$69,MATCH("snatch_press_reps",Measurements!$A$2:$A$69,0),r_col)="","",INT(INDEX(Measurements!$E$2:$AH$69,MATCH("snatch_press_reps",Measurements!$A$2:$A$69,0),r_col))) | E23: =IF(OR(C23="",D23=""),"",C23+IF(Parameters!$D$207=1,m_weight,0)) | F23: =IF(E23="","",E23*100/(p_wathan_a+p_wathan_b*EXP(-p_wathan_k*D23))) | G23: =IF(F23="","",F23-IF(Parameters!$D$207=1,m_weight,0)) | H23: =IF(F23="","",IF((F23/Parameters!$F$207-Parameters!$AC$207*m_weight)/IF(Parameters!$E$207="",1,INDEX(Parameters!$G$196:$G$212,MATCH(Parameters!$E$207,Parameters!$A$196:$A$212,0)))<=0,"",(F23/Parameters!$F$207-Parameters!$AC$207*m_weight)/IF(Parameters!$E$207="",1,INDEX(Parameters!$G$196:$G$212,MATCH(Parameters!$E$207,Parameters!$A$196:$A$212,0))))) | I23: =IF(H23="","",H23*s_perkg) | J23: =IF(I23="","",INDEX(t_names,MATCH(I23,t_mins,1))) | K23: =IF(I23="","",I23/s_overall-1) | L23: =IF(K23="","",IF(K23>p_dev_tol,"strong",IF(K23<-p_dev_tol,"weak","in line"))) | M23: =IF(AND(F23<>"",H23=""),"below the conversion's range: not scored","") | N23: =IF(I23="",0,I23) -> 0 | O23: =IF(I23="",0,1) -> 0 | P23: =IF(I23="","",B23&"|"&I23)
A24: =Parameters!$B$208 -> Chin-up | B24: =Parameters!$C$208 -> pull | C24: =IF(INDEX(Measurements!$E$2:$AH$69,MATCH("chin_up_load",Measurements!$A$2:$A$69,0),r_col)="","",INDEX(Measurements!$E$2:$AH$69,MATCH("chin_up_load",Measurements!$A$2:$A$69,0),r_col)) -> -30 | D24: =IF(INDEX(Measurements!$E$2:$AH$69,MATCH("chin_up_reps",Measurements!$A$2:$A$69,0),r_col)="","",INT(INDEX(Measurements!$E$2:$AH$69,MATCH("chin_up_reps",Measurements!$A$2:$A$69,0),r_col))) -> 5 | E24: =IF(OR(C24="",D24=""),"",C24+IF(Parameters!$D$208=1,m_weight,0)) -> 36 | F24: =IF(E24="","",E24*100/(p_wathan_a+p_wathan_b*EXP(-p_wathan_k*D24))) -> 41.969702 | G24: =IF(F24="","",F24-IF(Parameters!$D$208=1,m_weight,0)) -> -24.030298 | H24: =IF(F24="","",IF((F24/Parameters!$F$208-Parameters!$AC$208*m_weight)/IF(Parameters!$E$208="",1,INDEX(Parameters!$G$196:$G$212,MATCH(Parameters!$E$208,Parameters!$A$196:$A$212,0)))<=0,"",(F24/Parameters!$F$208-Parameters!$AC$208*m_weight)/IF(Parameters!$E$208="",1,INDEX(Parameters!$G$196:$G$212,MATCH(Parameters!$E$208,Parameters!$A$196:$A$212,0))))) -> 84.398532 | I24: =IF(H24="","",H24*s_perkg) -> 52.750589 | J24: =IF(I24="","",INDEX(t_names,MATCH(I24,t_mins,1))) -> Novice | K24: =IF(I24="","",I24/s_overall-1) -> 0.083706596 | L24: =IF(K24="","",IF(K24>p_dev_tol,"strong",IF(K24<-p_dev_tol,"weak","in line"))) -> in line | M24: =IF(AND(F24<>"",H24=""),"below the conversion's range: not scored","") | N24: =IF(I24="",0,I24) -> 52.750589 | O24: =IF(I24="",0,1) -> 1 | P24: =IF(I24="","",B24&"|"&I24) -> pull|52.750588585373
A25: =Parameters!$B$209 -> Pull-up | B25: =Parameters!$C$209 -> pull | C25: =IF(INDEX(Measurements!$E$2:$AH$69,MATCH("pull_up_load",Measurements!$A$2:$A$69,0),r_col)="","",INDEX(Measurements!$E$2:$AH$69,MATCH("pull_up_load",Measurements!$A$2:$A$69,0),r_col)) | D25: =IF(INDEX(Measurements!$E$2:$AH$69,MATCH("pull_up_reps",Measurements!$A$2:$A$69,0),r_col)="","",INT(INDEX(Measurements!$E$2:$AH$69,MATCH("pull_up_reps",Measurements!$A$2:$A$69,0),r_col))) | E25: =IF(OR(C25="",D25=""),"",C25+IF(Parameters!$D$209=1,m_weight,0)) | F25: =IF(E25="","",E25*100/(p_wathan_a+p_wathan_b*EXP(-p_wathan_k*D25))) | G25: =IF(F25="","",F25-IF(Parameters!$D$209=1,m_weight,0)) | H25: =IF(F25="","",IF((F25/Parameters!$F$209-Parameters!$AC$209*m_weight)/IF(Parameters!$E$209="",1,INDEX(Parameters!$G$196:$G$212,MATCH(Parameters!$E$209,Parameters!$A$196:$A$212,0)))<=0,"",(F25/Parameters!$F$209-Parameters!$AC$209*m_weight)/IF(Parameters!$E$209="",1,INDEX(Parameters!$G$196:$G$212,MATCH(Parameters!$E$209,Parameters!$A$196:$A$212,0))))) | I25: =IF(H25="","",H25*s_perkg) | J25: =IF(I25="","",INDEX(t_names,MATCH(I25,t_mins,1))) | K25: =IF(I25="","",I25/s_overall-1) | L25: =IF(K25="","",IF(K25>p_dev_tol,"strong",IF(K25<-p_dev_tol,"weak","in line"))) | M25: =IF(AND(F25<>"",H25=""),"below the conversion's range: not scored","") | N25: =IF(I25="",0,I25) -> 0 | O25: =IF(I25="",0,1) -> 0 | P25: =IF(I25="","",B25&"|"&I25)
A26: =Parameters!$B$210 -> Pendlay row | B26: =Parameters!$C$210 -> pull | C26: =IF(INDEX(Measurements!$E$2:$AH$69,MATCH("pendlay_row_load",Measurements!$A$2:$A$69,0),r_col)="","",INDEX(Measurements!$E$2:$AH$69,MATCH("pendlay_row_load",Measurements!$A$2:$A$69,0),r_col)) | D26: =IF(INDEX(Measurements!$E$2:$AH$69,MATCH("pendlay_row_reps",Measurements!$A$2:$A$69,0),r_col)="","",INT(INDEX(Measurements!$E$2:$AH$69,MATCH("pendlay_row_reps",Measurements!$A$2:$A$69,0),r_col))) | E26: =IF(OR(C26="",D26=""),"",C26+IF(Parameters!$D$210=1,m_weight,0)) | F26: =IF(E26="","",E26*100/(p_wathan_a+p_wathan_b*EXP(-p_wathan_k*D26))) | G26: =IF(F26="","",F26-IF(Parameters!$D$210=1,m_weight,0)) | H26: =IF(F26="","",IF((F26/Parameters!$F$210-Parameters!$AC$210*m_weight)/IF(Parameters!$E$210="",1,INDEX(Parameters!$G$196:$G$212,MATCH(Parameters!$E$210,Parameters!$A$196:$A$212,0)))<=0,"",(F26/Parameters!$F$210-Parameters!$AC$210*m_weight)/IF(Parameters!$E$210="",1,INDEX(Parameters!$G$196:$G$212,MATCH(Parameters!$E$210,Parameters!$A$196:$A$212,0))))) | I26: =IF(H26="","",H26*s_perkg) | J26: =IF(I26="","",INDEX(t_names,MATCH(I26,t_mins,1))) | K26: =IF(I26="","",I26/s_overall-1) | L26: =IF(K26="","",IF(K26>p_dev_tol,"strong",IF(K26<-p_dev_tol,"weak","in line"))) | M26: =IF(AND(F26<>"",H26=""),"below the conversion's range: not scored","") | N26: =IF(I26="",0,I26) -> 0 | O26: =IF(I26="",0,1) -> 0 | P26: =IF(I26="","",B26&"|"&I26)
A27: =Parameters!$B$211 -> Lat pulldown | B27: =Parameters!$C$211 -> pull | C27: =IF(INDEX(Measurements!$E$2:$AH$69,MATCH("lat_pulldown_load",Measurements!$A$2:$A$69,0),r_col)="","",INDEX(Measurements!$E$2:$AH$69,MATCH("lat_pulldown_load",Measurements!$A$2:$A$69,0),r_col)) | D27: =IF(INDEX(Measurements!$E$2:$AH$69,MATCH("lat_pulldown_reps",Measurements!$A$2:$A$69,0),r_col)="","",INT(INDEX(Measurements!$E$2:$AH$69,MATCH("lat_pulldown_reps",Measurements!$A$2:$A$69,0),r_col))) | E27: =IF(OR(C27="",D27=""),"",C27+IF(Parameters!$D$211=1,m_weight,0)) | F27: =IF(E27="","",E27*100/(p_wathan_a+p_wathan_b*EXP(-p_wathan_k*D27))) | G27: =IF(F27="","",F27-IF(Parameters!$D$211=1,m_weight,0)) | H27: =IF(F27="","",IF((F27/Parameters!$F$211-Parameters!$AC$211*m_weight)/IF(Parameters!$E$211="",1,INDEX(Parameters!$G$196:$G$212,MATCH(Parameters!$E$211,Parameters!$A$196:$A$212,0)))<=0,"",(F27/Parameters!$F$211-Parameters!$AC$211*m_weight)/IF(Parameters!$E$211="",1,INDEX(Parameters!$G$196:$G$212,MATCH(Parameters!$E$211,Parameters!$A$196:$A$212,0))))) | I27: =IF(H27="","",H27*s_perkg) | J27: =IF(I27="","",INDEX(t_names,MATCH(I27,t_mins,1))) | K27: =IF(I27="","",I27/s_overall-1) | L27: =IF(K27="","",IF(K27>p_dev_tol,"strong",IF(K27<-p_dev_tol,"weak","in line"))) | M27: =IF(AND(F27<>"",H27=""),"below the conversion's range: not scored","") | N27: =IF(I27="",0,I27) -> 0 | O27: =IF(I27="",0,1) -> 0 | P27: =IF(I27="","",B27&"|"&I27)
A28: =Parameters!$B$212 -> Seated cable row | B28: =Parameters!$C$212 -> pull | C28: =IF(INDEX(Measurements!$E$2:$AH$69,MATCH("seated_cable_row_load",Measurements!$A$2:$A$69,0),r_col)="","",INDEX(Measurements!$E$2:$AH$69,MATCH("seated_cable_row_load",Measurements!$A$2:$A$69,0),r_col)) | D28: =IF(INDEX(Measurements!$E$2:$AH$69,MATCH("seated_cable_row_reps",Measurements!$A$2:$A$69,0),r_col)="","",INT(INDEX(Measurements!$E$2:$AH$69,MATCH("seated_cable_row_reps",Measurements!$A$2:$A$69,0),r_col))) | E28: =IF(OR(C28="",D28=""),"",C28+IF(Parameters!$D$212=1,m_weight,0)) | F28: =IF(E28="","",E28*100/(p_wathan_a+p_wathan_b*EXP(-p_wathan_k*D28))) | G28: =IF(F28="","",F28-IF(Parameters!$D$212=1,m_weight,0)) | H28: =IF(F28="","",IF((F28/Parameters!$F$212-Parameters!$AC$212*m_weight)/IF(Parameters!$E$212="",1,INDEX(Parameters!$G$196:$G$212,MATCH(Parameters!$E$212,Parameters!$A$196:$A$212,0)))<=0,"",(F28/Parameters!$F$212-Parameters!$AC$212*m_weight)/IF(Parameters!$E$212="",1,INDEX(Parameters!$G$196:$G$212,MATCH(Parameters!$E$212,Parameters!$A$196:$A$212,0))))) | I28: =IF(H28="","",H28*s_perkg) | J28: =IF(I28="","",INDEX(t_names,MATCH(I28,t_mins,1))) | K28: =IF(I28="","",I28/s_overall-1) | L28: =IF(K28="","",IF(K28>p_dev_tol,"strong",IF(K28<-p_dev_tol,"weak","in line"))) | M28: =IF(AND(F28<>"",H28=""),"below the conversion's range: not scored","") | N28: =IF(I28="",0,I28) -> 0 | O28: =IF(I28="",0,1) -> 0 | P28: =IF(I28="","",B28&"|"&I28)
A29: Load entered: total weight moved (bar + plates + collars) or stack load; for bodyweight lifts, added weight (negative if assisted). Sets are assumed taken to failure. Class: beyond +/- dev_tol of the overall score.
A31: Categories (best lift in each)
A32: category | B32: best score | C32: tier | D32: best lift | E32: vs overall | F32: deadlift equiv. (kg) | G32: ln(score) | H32: class
A33: squat | B33: =IF(COUNTIFS($B$12:$B$28,A33,$O$12:$O$28,1)=0,"",_xlfn.MAXIFS($N$12:$N$28,$B$12:$B$28,A33)) -> 43.372706 | C33: =IF(B33="","",INDEX(t_names,MATCH(B33,t_mins,1))) -> Untrained | D33: =IF(B33="","",INDEX($A$12:$A$28,MATCH(A33&"|"&B33,$P$12:$P$28,0))) -> Back squat | E33: =IF(B33="","",B33/s_overall-1) -> -0.10895235 | F33: =IF(B33="","",B33/s_perkg) -> 69.394348 | G33: =IF(B33="","",LN(B33)) -> 3.7698304 | H33: =IF(E33="","",IF(E33>p_dev_tol,"strong",IF(E33<-p_dev_tol,"weak","in line"))) -> weak
A34: floor pull | B34: =IF(COUNTIFS($B$12:$B$28,A34,$O$12:$O$28,1)=0,"",_xlfn.MAXIFS($N$12:$N$28,$B$12:$B$28,A34)) -> 51.006302 | C34: =IF(B34="","",INDEX(t_names,MATCH(B34,t_mins,1))) -> Novice | D34: =IF(B34="","",INDEX($A$12:$A$28,MATCH(A34&"|"&B34,$P$12:$P$28,0))) -> Deadlift | E34: =IF(B34="","",B34/s_overall-1) -> 0.047872031 | F34: =IF(B34="","",B34/s_perkg) -> 81.607754 | G34: =IF(B34="","",LN(B34)) -> 3.9319492 | H34: =IF(E34="","",IF(E34>p_dev_tol,"strong",IF(E34<-p_dev_tol,"weak","in line"))) -> in line
A35: horizontal press | B35: =IF(COUNTIFS($B$12:$B$28,A35,$O$12:$O$28,1)=0,"",_xlfn.MAXIFS($N$12:$N$28,$B$12:$B$28,A35)) -> 41.546487 | C35: =IF(B35="","",INDEX(t_names,MATCH(B35,t_mins,1))) -> Untrained | D35: =IF(B35="","",INDEX($A$12:$A$28,MATCH(A35&"|"&B35,$P$12:$P$28,0))) -> Bench press | E35: =IF(B35="","",B35/s_overall-1) -> -0.14647015 | F35: =IF(B35="","",B35/s_perkg) -> 66.472481 | G35: =IF(B35="","",LN(B35)) -> 3.726813 | H35: =IF(E35="","",IF(E35>p_dev_tol,"strong",IF(E35<-p_dev_tol,"weak","in line"))) -> weak
A36: vertical press | B36: =IF(COUNTIFS($B$12:$B$28,A36,$O$12:$O$28,1)=0,"",_xlfn.MAXIFS($N$12:$N$28,$B$12:$B$28,A36)) -> 54.704314 | C36: =IF(B36="","",INDEX(t_names,MATCH(B36,t_mins,1))) -> Novice | D36: =IF(B36="","",INDEX($A$12:$A$28,MATCH(A36&"|"&B36,$P$12:$P$28,0))) -> Overhead press | E36: =IF(B36="","",B36/s_overall-1) -> 0.12384388 | F36: =IF(B36="","",B36/s_perkg) -> 87.524403 | G36: =IF(B36="","",LN(B36)) -> 4.0019426 | H36: =IF(E36="","",IF(E36>p_dev_tol,"strong",IF(E36<-p_dev_tol,"weak","in line"))) -> strong
A37: pull | B37: =IF(COUNTIFS($B$12:$B$28,A37,$O$12:$O$28,1)=0,"",_xlfn.MAXIFS($N$12:$N$28,$B$12:$B$28,A37)) -> 52.750589 | C37: =IF(B37="","",INDEX(t_names,MATCH(B37,t_mins,1))) -> Novice | D37: =IF(B37="","",INDEX($A$12:$A$28,MATCH(A37&"|"&B37,$P$12:$P$28,0))) -> Chin-up | E37: =IF(B37="","",B37/s_overall-1) -> 0.083706596 | F37: =IF(B37="","",B37/s_perkg) -> 84.398532 | G37: =IF(B37="","",LN(B37)) -> 3.9655749 | H37: =IF(E37="","",IF(E37>p_dev_tol,"strong",IF(E37<-p_dev_tol,"weak","in line"))) -> in line
A39: Overall strength score (arithmetic, as Symmetric Strength) | B39: =AVERAGE($B$33:$B$37) -> 48.67608
A40: Overall tier | B40: =INDEX(t_names,MATCH(s_overall,t_mins,1)) -> Novice
A41: Geometric-mean strength score (used in the composite) | B41: =EXP(AVERAGE($G$33:$G$37)) -> 48.386556
A42: Symmetry (100 = perfectly even; = 100 x geometric / arithmetic) | B42: =100*s_gm/s_overall -> 99.405203
A43: Categories scored | B43: =COUNT($B$33:$B$37) -> 5
A44: Strongest lift | B44: =INDEX($A$12:$A$28,MATCH(MAX($I$12:$I$28),$I$12:$I$28,0)) -> Overhead press
A45: Weakest lift | B45: =INDEX($A$12:$A$28,MATCH(MIN($I$12:$I$28),$I$12:$I$28,0)) -> 45-degree leg press
A46: Symmetry is this workbook's own definition; Symmetric Strength does not publish its formula.
A48: Estimated powerlifting total
A49: Squat (kg) | B49: =IF(F33="","",F33*pl_ratio_squat) -> 58.291253
A50: Bench press (kg) | B50: =IF(F35="","",F35*pl_ratio_bench) -> 37.889314
A51: Deadlift (kg) | B51: =IF(F34="","",F34) -> 81.607754
A52: Total (kg) | B52: =SUM(B49:B51) -> 177.78832
A53: Wilks | B53: =s_pltotal*s_wilks -> 184.43298
A54: Wilks, age-adjusted | B54: =s_pltotal*s_wilks*s_agec -> 184.43298
A55: Each figure is the best lift in its category converted to the competition lift, so a variant (e.g. front squat) counts.
A57: Muscle groups
A58: Score = average of the entered lifts that train the group. Class uses the lifts' own deviations from the overall score: strong = every contributing lift is above +dev_tol; weak = every one is below -dev_tol; in line = all within the band; mixed = the lifts disagree.
A59: muscle group | B59: score | C59: tier | D59: vs overall | E59: lifts counted | F59: lowest lift | G59: highest lift | H59: class
A60: Upper traps | B60: =IF(E60=0,"",SUMPRODUCT(Parameters!$I$196:$I$212,$N$12:$N$28)/E60) -> 51.006302 | C60: =IF(B60="","",INDEX(t_names,MATCH(B60,t_mins,1))) -> Novice | D60: =IF(B60="","",B60/s_overall-1) -> 0.047872031 | E60: =SUMPRODUCT(Parameters!$I$196:$I$212,$O$12:$O$28) -> 1 | F60: =IF(E60=0,"",_xlfn.MINIFS($K$12:$K$28,Parameters!$I$196:$I$212,1)) -> 0.047872031 | G60: =IF(E60=0,"",_xlfn.MAXIFS($K$12:$K$28,Parameters!$I$196:$I$212,1)) -> 0.047872031 | H60: =IF(E60=0,"no data",IF(F60>p_dev_tol,"strong",IF(G60<-p_dev_tol,"weak",IF(AND(F60>=-p_dev_tol,G60<=p_dev_tol),"in line","mixed")))) -> in line | V60: =IF(B60="","",D60-ROW()/1000000000) -> 0.047871971
A61: Middle traps | B61: =IF(E61=0,"",SUMPRODUCT(Parameters!$J$196:$J$212,$N$12:$N$28)/E61) -> 51.006302 | C61: =IF(B61="","",INDEX(t_names,MATCH(B61,t_mins,1))) -> Novice | D61: =IF(B61="","",B61/s_overall-1) -> 0.047872031 | E61: =SUMPRODUCT(Parameters!$J$196:$J$212,$O$12:$O$28) -> 1 | F61: =IF(E61=0,"",_xlfn.MINIFS($K$12:$K$28,Parameters!$J$196:$J$212,1)) -> 0.047872031 | G61: =IF(E61=0,"",_xlfn.MAXIFS($K$12:$K$28,Parameters!$J$196:$J$212,1)) -> 0.047872031 | H61: =IF(E61=0,"no data",IF(F61>p_dev_tol,"strong",IF(G61<-p_dev_tol,"weak",IF(AND(F61>=-p_dev_tol,G61<=p_dev_tol),"in line","mixed")))) -> in line | V61: =IF(B61="","",D61-ROW()/1000000000) -> 0.04787197
A62: Lower traps | B62: =IF(E62=0,"",SUMPRODUCT(Parameters!$K$196:$K$212,$N$12:$N$28)/E62) | C62: =IF(B62="","",INDEX(t_names,MATCH(B62,t_mins,1))) | D62: =IF(B62="","",B62/s_overall-1) | E62: =SUMPRODUCT(Parameters!$K$196:$K$212,$O$12:$O$28) -> 0 | F62: =IF(E62=0,"",_xlfn.MINIFS($K$12:$K$28,Parameters!$K$196:$K$212,1)) | G62: =IF(E62=0,"",_xlfn.MAXIFS($K$12:$K$28,Parameters!$K$196:$K$212,1)) | H62: =IF(E62=0,"no data",IF(F62>p_dev_tol,"strong",IF(G62<-p_dev_tol,"weak",IF(AND(F62>=-p_dev_tol,G62<=p_dev_tol),"in line","mixed")))) -> no data | V62: =IF(B62="","",D62-ROW()/1000000000)
A63: Anterior delts | B63: =IF(E63=0,"",SUMPRODUCT(Parameters!$L$196:$L$212,$N$12:$N$28)/E63) -> 48.125401 | C63: =IF(B63="","",INDEX(t_names,MATCH(B63,t_mins,1))) -> Novice | D63: =IF(B63="","",B63/s_overall-1) -> -0.011313136 | E63: =SUMPRODUCT(Parameters!$L$196:$L$212,$O$12:$O$28) -> 2 | F63: =IF(E63=0,"",_xlfn.MINIFS($K$12:$K$28,Parameters!$L$196:$L$212,1)) -> -0.14647015 | G63: =IF(E63=0,"",_xlfn.MAXIFS($K$12:$K$28,Parameters!$L$196:$L$212,1)) -> 0.12384388 | H63: =IF(E63=0,"no data",IF(F63>p_dev_tol,"strong",IF(G63<-p_dev_tol,"weak",IF(AND(F63>=-p_dev_tol,G63<=p_dev_tol),"in line","mixed")))) -> mixed | V63: =IF(B63="","",D63-ROW()/1000000000) -> -0.011313199
A64: Lateral delts | B64: =IF(E64=0,"",SUMPRODUCT(Parameters!$M$196:$M$212,$N$12:$N$28)/E64) -> 54.704314 | C64: =IF(B64="","",INDEX(t_names,MATCH(B64,t_mins,1))) -> Novice | D64: =IF(B64="","",B64/s_overall-1) -> 0.12384388 | E64: =SUMPRODUCT(Parameters!$M$196:$M$212,$O$12:$O$28) -> 1 | F64: =IF(E64=0,"",_xlfn.MINIFS($K$12:$K$28,Parameters!$M$196:$M$212,1)) -> 0.12384388 | G64: =IF(E64=0,"",_xlfn.MAXIFS($K$12:$K$28,Parameters!$M$196:$M$212,1)) -> 0.12384388 | H64: =IF(E64=0,"no data",IF(F64>p_dev_tol,"strong",IF(G64<-p_dev_tol,"weak",IF(AND(F64>=-p_dev_tol,G64<=p_dev_tol),"in line","mixed")))) -> strong | V64: =IF(B64="","",D64-ROW()/1000000000) -> 0.12384381
A65: Posterior delts | B65: =IF(E65=0,"",SUMPRODUCT(Parameters!$N$196:$N$212,$N$12:$N$28)/E65) -> 52.750589 | C65: =IF(B65="","",INDEX(t_names,MATCH(B65,t_mins,1))) -> Novice | D65: =IF(B65="","",B65/s_overall-1) -> 0.083706596 | E65: =SUMPRODUCT(Parameters!$N$196:$N$212,$O$12:$O$28) -> 1 | F65: =IF(E65=0,"",_xlfn.MINIFS($K$12:$K$28,Parameters!$N$196:$N$212,1)) -> 0.083706596 | G65: =IF(E65=0,"",_xlfn.MAXIFS($K$12:$K$28,Parameters!$N$196:$N$212,1)) -> 0.083706596 | H65: =IF(E65=0,"no data",IF(F65>p_dev_tol,"strong",IF(G65<-p_dev_tol,"weak",IF(AND(F65>=-p_dev_tol,G65<=p_dev_tol),"in line","mixed")))) -> in line | V65: =IF(B65="","",D65-ROW()/1000000000) -> 0.083706531
A66: Pecs | B66: =IF(E66=0,"",SUMPRODUCT(Parameters!$O$196:$O$212,$N$12:$N$28)/E66) -> 41.546487 | C66: =IF(B66="","",INDEX(t_names,MATCH(B66,t_mins,1))) -> Untrained | D66: =IF(B66="","",B66/s_overall-1) -> -0.14647015 | E66: =SUMPRODUCT(Parameters!$O$196:$O$212,$O$12:$O$28) -> 1 | F66: =IF(E66=0,"",_xlfn.MINIFS($K$12:$K$28,Parameters!$O$196:$O$212,1)) -> -0.14647015 | G66: =IF(E66=0,"",_xlfn.MAXIFS($K$12:$K$28,Parameters!$O$196:$O$212,1)) -> -0.14647015 | H66: =IF(E66=0,"no data",IF(F66>p_dev_tol,"strong",IF(G66<-p_dev_tol,"weak",IF(AND(F66>=-p_dev_tol,G66<=p_dev_tol),"in line","mixed")))) -> weak | V66: =IF(B66="","",D66-ROW()/1000000000) -> -0.14647022
A67: Biceps | B67: =IF(E67=0,"",SUMPRODUCT(Parameters!$P$196:$P$212,$N$12:$N$28)/E67) -> 52.750589 | C67: =IF(B67="","",INDEX(t_names,MATCH(B67,t_mins,1))) -> Novice | D67: =IF(B67="","",B67/s_overall-1) -> 0.083706596 | E67: =SUMPRODUCT(Parameters!$P$196:$P$212,$O$12:$O$28) -> 1 | F67: =IF(E67=0,"",_xlfn.MINIFS($K$12:$K$28,Parameters!$P$196:$P$212,1)) -> 0.083706596 | G67: =IF(E67=0,"",_xlfn.MAXIFS($K$12:$K$28,Parameters!$P$196:$P$212,1)) -> 0.083706596 | H67: =IF(E67=0,"no data",IF(F67>p_dev_tol,"strong",IF(G67<-p_dev_tol,"weak",IF(AND(F67>=-p_dev_tol,G67<=p_dev_tol),"in line","mixed")))) -> in line | V67: =IF(B67="","",D67-ROW()/1000000000) -> 0.083706529
A68: Triceps | B68: =IF(E68=0,"",SUMPRODUCT(Parameters!$Q$196:$Q$212,$N$12:$N$28)/E68) -> 48.125401 | C68: =IF(B68="","",INDEX(t_names,MATCH(B68,t_mins,1))) -> Novice | D68: =IF(B68="","",B68/s_overall-1) -> -0.011313136 | E68: =SUMPRODUCT(Parameters!$Q$196:$Q$212,$O$12:$O$28) -> 2 | F68: =IF(E68=0,"",_xlfn.MINIFS($K$12:$K$28,Parameters!$Q$196:$Q$212,1)) -> -0.14647015 | G68: =IF(E68=0,"",_xlfn.MAXIFS($K$12:$K$28,Parameters!$Q$196:$Q$212,1)) -> 0.12384388 | H68: =IF(E68=0,"no data",IF(F68>p_dev_tol,"strong",IF(G68<-p_dev_tol,"weak",IF(AND(F68>=-p_dev_tol,G68<=p_dev_tol),"in line","mixed")))) -> mixed | V68: =IF(B68="","",D68-ROW()/1000000000) -> -0.011313204
A69: Forearms | B69: =IF(E69=0,"",SUMPRODUCT(Parameters!$R$196:$R$212,$N$12:$N$28)/E69) -> 51.006302 | C69: =IF(B69="","",INDEX(t_names,MATCH(B69,t_mins,1))) -> Novice | D69: =IF(B69="","",B69/s_overall-1) -> 0.047872031 | E69: =SUMPRODUCT(Parameters!$R$196:$R$212,$O$12:$O$28) -> 1 | F69: =IF(E69=0,"",_xlfn.MINIFS($K$12:$K$28,Parameters!$R$196:$R$212,1)) -> 0.047872031 | G69: =IF(E69=0,"",_xlfn.MAXIFS($K$12:$K$28,Parameters!$R$196:$R$212,1)) -> 0.047872031 | H69: =IF(E69=0,"no data",IF(F69>p_dev_tol,"strong",IF(G69<-p_dev_tol,"weak",IF(AND(F69>=-p_dev_tol,G69<=p_dev_tol),"in line","mixed")))) -> in line | V69: =IF(B69="","",D69-ROW()/1000000000) -> 0.047871962
A70: Obliques & serratus | B70: =IF(E70=0,"",SUMPRODUCT(Parameters!$S$196:$S$212,$N$12:$N$28)/E70) -> 51.878446 | C70: =IF(B70="","",INDEX(t_names,MATCH(B70,t_mins,1))) -> Novice | D70: =IF(B70="","",B70/s_overall-1) -> 0.065789314 | E70: =SUMPRODUCT(Parameters!$S$196:$S$212,$O$12:$O$28) -> 2 | F70: =IF(E70=0,"",_xlfn.MINIFS($K$12:$K$28,Parameters!$S$196:$S$212,1)) -> 0.047872031 | G70: =IF(E70=0,"",_xlfn.MAXIFS($K$12:$K$28,Parameters!$S$196:$S$212,1)) -> 0.083706596 | H70: =IF(E70=0,"no data",IF(F70>p_dev_tol,"strong",IF(G70<-p_dev_tol,"weak",IF(AND(F70>=-p_dev_tol,G70<=p_dev_tol),"in line","mixed")))) -> in line | V70: =IF(B70="","",D70-ROW()/1000000000) -> 0.065789244
A71: Abdominals | B71: =IF(E71=0,"",SUMPRODUCT(Parameters!$T$196:$T$212,$N$12:$N$28)/E71) -> 49.043199 | C71: =IF(B71="","",INDEX(t_names,MATCH(B71,t_mins,1))) -> Novice | D71: =IF(B71="","",B71/s_overall-1) -> 0.0075420909 | E71: =SUMPRODUCT(Parameters!$T$196:$T$212,$O$12:$O$28) -> 3 | F71: =IF(E71=0,"",_xlfn.MINIFS($K$12:$K$28,Parameters!$T$196:$T$212,1)) -> -0.10895235 | G71: =IF(E71=0,"",_xlfn.MAXIFS($K$12:$K$28,Parameters!$T$196:$T$212,1)) -> 0.083706596 | H71: =IF(E71=0,"no data",IF(F71>p_dev_tol,"strong",IF(G71<-p_dev_tol,"weak",IF(AND(F71>=-p_dev_tol,G71<=p_dev_tol),"in line","mixed")))) -> mixed | V71: =IF(B71="","",D71-ROW()/1000000000) -> 0.0075420199
A72: Lats | B72: =IF(E72=0,"",SUMPRODUCT(Parameters!$U$196:$U$212,$N$12:$N$28)/E72) -> 52.750589 | C72: =IF(B72="","",INDEX(t_names,MATCH(B72,t_mins,1))) -> Novice | D72: =IF(B72="","",B72/s_overall-1) -> 0.083706596 | E72: =SUMPRODUCT(Parameters!$U$196:$U$212,$O$12:$O$28) -> 1 | F72: =IF(E72=0,"",_xlfn.MINIFS($K$12:$K$28,Parameters!$U$196:$U$212,1)) -> 0.083706596 | G72: =IF(E72=0,"",_xlfn.MAXIFS($K$12:$K$28,Parameters!$U$196:$U$212,1)) -> 0.083706596 | H72: =IF(E72=0,"no data",IF(F72>p_dev_tol,"strong",IF(G72<-p_dev_tol,"weak",IF(AND(F72>=-p_dev_tol,G72<=p_dev_tol),"in line","mixed")))) -> in line | V72: =IF(B72="","",D72-ROW()/1000000000) -> 0.083706524
A73: Spinal erectors | B73: =IF(E73=0,"",SUMPRODUCT(Parameters!$V$196:$V$212,$N$12:$N$28)/E73) -> 47.189504 | C73: =IF(B73="","",INDEX(t_names,MATCH(B73,t_mins,1))) -> Novice | D73: =IF(B73="","",B73/s_overall-1) -> -0.030540162 | E73: =SUMPRODUCT(Parameters!$V$196:$V$212,$O$12:$O$28) -> 2 | F73: =IF(E73=0,"",_xlfn.MINIFS($K$12:$K$28,Parameters!$V$196:$V$212,1)) -> -0.10895235 | G73: =IF(E73=0,"",_xlfn.MAXIFS($K$12:$K$28,Parameters!$V$196:$V$212,1)) -> 0.047872031 | H73: =IF(E73=0,"no data",IF(F73>p_dev_tol,"strong",IF(G73<-p_dev_tol,"weak",IF(AND(F73>=-p_dev_tol,G73<=p_dev_tol),"in line","mixed")))) -> mixed | V73: =IF(B73="","",D73-ROW()/1000000000) -> -0.030540235
A74: Glutes | B74: =IF(E74=0,"",SUMPRODUCT(Parameters!$W$196:$W$212,$N$12:$N$28)/E74) -> 43.736104 | C74: =IF(B74="","",INDEX(t_names,MATCH(B74,t_mins,1))) -> Untrained | D74: =IF(B74="","",B74/s_overall-1) -> -0.10148672 | E74: =SUMPRODUCT(Parameters!$W$196:$W$212,$O$12:$O$28) -> 3 | F74: =IF(E74=0,"",_xlfn.MINIFS($K$12:$K$28,Parameters!$W$196:$W$212,1)) -> -0.24337983 | G74: =IF(E74=0,"",_xlfn.MAXIFS($K$12:$K$28,Parameters!$W$196:$W$212,1)) -> 0.047872031 | H74: =IF(E74=0,"no data",IF(F74>p_dev_tol,"strong",IF(G74<-p_dev_tol,"weak",IF(AND(F74>=-p_dev_tol,G74<=p_dev_tol),"in line","mixed")))) -> mixed | V74: =IF(B74="","",D74-ROW()/1000000000) -> -0.10148679
A75: Hamstrings | B75: =IF(E75=0,"",SUMPRODUCT(Parameters!$X$196:$X$212,$N$12:$N$28)/E75) -> 47.189504 | C75: =IF(B75="","",INDEX(t_names,MATCH(B75,t_mins,1))) -> Novice | D75: =IF(B75="","",B75/s_overall-1) -> -0.030540162 | E75: =SUMPRODUCT(Parameters!$X$196:$X$212,$O$12:$O$28) -> 2 | F75: =IF(E75=0,"",_xlfn.MINIFS($K$12:$K$28,Parameters!$X$196:$X$212,1)) -> -0.10895235 | G75: =IF(E75=0,"",_xlfn.MAXIFS($K$12:$K$28,Parameters!$X$196:$X$212,1)) -> 0.047872031 | H75: =IF(E75=0,"no data",IF(F75>p_dev_tol,"strong",IF(G75<-p_dev_tol,"weak",IF(AND(F75>=-p_dev_tol,G75<=p_dev_tol),"in line","mixed")))) -> mixed | V75: =IF(B75="","",D75-ROW()/1000000000) -> -0.030540237
A76: Quads | B76: =IF(E76=0,"",SUMPRODUCT(Parameters!$Y$196:$Y$212,$N$12:$N$28)/E76) -> 43.736104 | C76: =IF(B76="","",INDEX(t_names,MATCH(B76,t_mins,1))) -> Untrained | D76: =IF(B76="","",B76/s_overall-1) -> -0.10148672 | E76: =SUMPRODUCT(Parameters!$Y$196:$Y$212,$O$12:$O$28) -> 3 | F76: =IF(E76=0,"",_xlfn.MINIFS($K$12:$K$28,Parameters!$Y$196:$Y$212,1)) -> -0.24337983 | G76: =IF(E76=0,"",_xlfn.MAXIFS($K$12:$K$28,Parameters!$Y$196:$Y$212,1)) -> 0.047872031 | H76: =IF(E76=0,"no data",IF(F76>p_dev_tol,"strong",IF(G76<-p_dev_tol,"weak",IF(AND(F76>=-p_dev_tol,G76<=p_dev_tol),"in line","mixed")))) -> mixed | V76: =IF(B76="","",D76-ROW()/1000000000) -> -0.10148679
A77: Hip flexors | B77: =IF(E77=0,"",SUMPRODUCT(Parameters!$Z$196:$Z$212,$N$12:$N$28)/E77) -> 43.372706 | C77: =IF(B77="","",INDEX(t_names,MATCH(B77,t_mins,1))) -> Untrained | D77: =IF(B77="","",B77/s_overall-1) -> -0.10895235 | E77: =SUMPRODUCT(Parameters!$Z$196:$Z$212,$O$12:$O$28) -> 1 | F77: =IF(E77=0,"",_xlfn.MINIFS($K$12:$K$28,Parameters!$Z$196:$Z$212,1)) -> -0.10895235 | G77: =IF(E77=0,"",_xlfn.MAXIFS($K$12:$K$28,Parameters!$Z$196:$Z$212,1)) -> -0.10895235 | H77: =IF(E77=0,"no data",IF(F77>p_dev_tol,"strong",IF(G77<-p_dev_tol,"weak",IF(AND(F77>=-p_dev_tol,G77<=p_dev_tol),"in line","mixed")))) -> weak | V77: =IF(B77="","",D77-ROW()/1000000000) -> -0.10895243
A78: Hip adductors | B78: =IF(E78=0,"",SUMPRODUCT(Parameters!$AA$196:$AA$212,$N$12:$N$28)/E78) -> 40.101005 | C78: =IF(B78="","",INDEX(t_names,MATCH(B78,t_mins,1))) -> Untrained | D78: =IF(B78="","",B78/s_overall-1) -> -0.17616609 | E78: =SUMPRODUCT(Parameters!$AA$196:$AA$212,$O$12:$O$28) -> 2 | F78: =IF(E78=0,"",_xlfn.MINIFS($K$12:$K$28,Parameters!$AA$196:$AA$212,1)) -> -0.24337983 | G78: =IF(E78=0,"",_xlfn.MAXIFS($K$12:$K$28,Parameters!$AA$196:$AA$212,1)) -> -0.10895235 | H78: =IF(E78=0,"no data",IF(F78>p_dev_tol,"strong",IF(G78<-p_dev_tol,"weak",IF(AND(F78>=-p_dev_tol,G78<=p_dev_tol),"in line","mixed")))) -> weak | V78: =IF(B78="","",D78-ROW()/1000000000) -> -0.17616617
A79: Calves | B79: =IF(E79=0,"",SUMPRODUCT(Parameters!$AB$196:$AB$212,$N$12:$N$28)/E79) | C79: =IF(B79="","",INDEX(t_names,MATCH(B79,t_mins,1))) | D79: =IF(B79="","",B79/s_overall-1) | E79: =SUMPRODUCT(Parameters!$AB$196:$AB$212,$O$12:$O$28) -> 0 | F79: =IF(E79=0,"",_xlfn.MINIFS($K$12:$K$28,Parameters!$AB$196:$AB$212,1)) | G79: =IF(E79=0,"",_xlfn.MAXIFS($K$12:$K$28,Parameters!$AB$196:$AB$212,1)) | H79: =IF(E79=0,"no data",IF(F79>p_dev_tol,"strong",IF(G79<-p_dev_tol,"weak",IF(AND(F79>=-p_dev_tol,G79<=p_dev_tol),"in line","mixed")))) -> no data | V79: =IF(B79="","",D79-ROW()/1000000000)
A80: Groups classed strong | B80: =COUNTIF($H$60:$H$79,"strong") -> 1
A81: Groups classed weak | B81: =COUNTIF($H$60:$H$79,"weak") -> 3
A82: Groups classed mixed | B82: =COUNTIF($H$60:$H$79,"mixed") -> 7
A83: Groups classed in line | B83: =COUNTIF($H$60:$H$79,"in line") -> 7
A85: Muscle groups ranked, strongest first
A86: rank | B86: muscle group | C86: vs overall | D86: class | E86: lowest lift | F86: highest lift
A87: 1 | B87: =IF(A87>COUNT($V$60:$V$79),"",INDEX($A$60:$A$79,MATCH(LARGE($V$60:$V$79,A87),$V$60:$V$79,0))) -> Lateral delts | C87: =IF(B87="","",INDEX($D$60:$D$79,MATCH(B87,$A$60:$A$79,0))) -> 0.12384388 | D87: =IF(B87="","",INDEX($H$60:$H$79,MATCH(B87,$A$60:$A$79,0))) -> strong | E87: =IF(B87="","",INDEX($F$60:$F$79,MATCH(B87,$A$60:$A$79,0))) -> 0.12384388 | F87: =IF(B87="","",INDEX($G$60:$G$79,MATCH(B87,$A$60:$A$79,0))) -> 0.12384388
A88: 2 | B88: =IF(A88>COUNT($V$60:$V$79),"",INDEX($A$60:$A$79,MATCH(LARGE($V$60:$V$79,A88),$V$60:$V$79,0))) -> Posterior delts | C88: =IF(B88="","",INDEX($D$60:$D$79,MATCH(B88,$A$60:$A$79,0))) -> 0.083706596 | D88: =IF(B88="","",INDEX($H$60:$H$79,MATCH(B88,$A$60:$A$79,0))) -> in line | E88: =IF(B88="","",INDEX($F$60:$F$79,MATCH(B88,$A$60:$A$79,0))) -> 0.083706596 | F88: =IF(B88="","",INDEX($G$60:$G$79,MATCH(B88,$A$60:$A$79,0))) -> 0.083706596
A89: 3 | B89: =IF(A89>COUNT($V$60:$V$79),"",INDEX($A$60:$A$79,MATCH(LARGE($V$60:$V$79,A89),$V$60:$V$79,0))) -> Biceps | C89: =IF(B89="","",INDEX($D$60:$D$79,MATCH(B89,$A$60:$A$79,0))) -> 0.083706596 | D89: =IF(B89="","",INDEX($H$60:$H$79,MATCH(B89,$A$60:$A$79,0))) -> in line | E89: =IF(B89="","",INDEX($F$60:$F$79,MATCH(B89,$A$60:$A$79,0))) -> 0.083706596 | F89: =IF(B89="","",INDEX($G$60:$G$79,MATCH(B89,$A$60:$A$79,0))) -> 0.083706596
A90: 4 | B90: =IF(A90>COUNT($V$60:$V$79),"",INDEX($A$60:$A$79,MATCH(LARGE($V$60:$V$79,A90),$V$60:$V$79,0))) -> Lats | C90: =IF(B90="","",INDEX($D$60:$D$79,MATCH(B90,$A$60:$A$79,0))) -> 0.083706596 | D90: =IF(B90="","",INDEX($H$60:$H$79,MATCH(B90,$A$60:$A$79,0))) -> in line | E90: =IF(B90="","",INDEX($F$60:$F$79,MATCH(B90,$A$60:$A$79,0))) -> 0.083706596 | F90: =IF(B90="","",INDEX($G$60:$G$79,MATCH(B90,$A$60:$A$79,0))) -> 0.083706596
A91: 5 | B91: =IF(A91>COUNT($V$60:$V$79),"",INDEX($A$60:$A$79,MATCH(LARGE($V$60:$V$79,A91),$V$60:$V$79,0))) -> Obliques & serratus | C91: =IF(B91="","",INDEX($D$60:$D$79,MATCH(B91,$A$60:$A$79,0))) -> 0.065789314 | D91: =IF(B91="","",INDEX($H$60:$H$79,MATCH(B91,$A$60:$A$79,0))) -> in line | E91: =IF(B91="","",INDEX($F$60:$F$79,MATCH(B91,$A$60:$A$79,0))) -> 0.047872031 | F91: =IF(B91="","",INDEX($G$60:$G$79,MATCH(B91,$A$60:$A$79,0))) -> 0.083706596
A92: 6 | B92: =IF(A92>COUNT($V$60:$V$79),"",INDEX($A$60:$A$79,MATCH(LARGE($V$60:$V$79,A92),$V$60:$V$79,0))) -> Upper traps | C92: =IF(B92="","",INDEX($D$60:$D$79,MATCH(B92,$A$60:$A$79,0))) -> 0.047872031 | D92: =IF(B92="","",INDEX($H$60:$H$79,MATCH(B92,$A$60:$A$79,0))) -> in line | E92: =IF(B92="","",INDEX($F$60:$F$79,MATCH(B92,$A$60:$A$79,0))) -> 0.047872031 | F92: =IF(B92="","",INDEX($G$60:$G$79,MATCH(B92,$A$60:$A$79,0))) -> 0.047872031
A93: 7 | B93: =IF(A93>COUNT($V$60:$V$79),"",INDEX($A$60:$A$79,MATCH(LARGE($V$60:$V$79,A93),$V$60:$V$79,0))) -> Middle traps | C93: =IF(B93="","",INDEX($D$60:$D$79,MATCH(B93,$A$60:$A$79,0))) -> 0.047872031 | D93: =IF(B93="","",INDEX($H$60:$H$79,MATCH(B93,$A$60:$A$79,0))) -> in line | E93: =IF(B93="","",INDEX($F$60:$F$79,MATCH(B93,$A$60:$A$79,0))) -> 0.047872031 | F93: =IF(B93="","",INDEX($G$60:$G$79,MATCH(B93,$A$60:$A$79,0))) -> 0.047872031
A94: 8 | B94: =IF(A94>COUNT($V$60:$V$79),"",INDEX($A$60:$A$79,MATCH(LARGE($V$60:$V$79,A94),$V$60:$V$79,0))) -> Forearms | C94: =IF(B94="","",INDEX($D$60:$D$79,MATCH(B94,$A$60:$A$79,0))) -> 0.047872031 | D94: =IF(B94="","",INDEX($H$60:$H$79,MATCH(B94,$A$60:$A$79,0))) -> in line | E94: =IF(B94="","",INDEX($F$60:$F$79,MATCH(B94,$A$60:$A$79,0))) -> 0.047872031 | F94: =IF(B94="","",INDEX($G$60:$G$79,MATCH(B94,$A$60:$A$79,0))) -> 0.047872031
A95: 9 | B95: =IF(A95>COUNT($V$60:$V$79),"",INDEX($A$60:$A$79,MATCH(LARGE($V$60:$V$79,A95),$V$60:$V$79,0))) -> Abdominals | C95: =IF(B95="","",INDEX($D$60:$D$79,MATCH(B95,$A$60:$A$79,0))) -> 0.0075420909 | D95: =IF(B95="","",INDEX($H$60:$H$79,MATCH(B95,$A$60:$A$79,0))) -> mixed | E95: =IF(B95="","",INDEX($F$60:$F$79,MATCH(B95,$A$60:$A$79,0))) -> -0.10895235 | F95: =IF(B95="","",INDEX($G$60:$G$79,MATCH(B95,$A$60:$A$79,0))) -> 0.083706596
A96: 10 | B96: =IF(A96>COUNT($V$60:$V$79),"",INDEX($A$60:$A$79,MATCH(LARGE($V$60:$V$79,A96),$V$60:$V$79,0))) -> Anterior delts | C96: =IF(B96="","",INDEX($D$60:$D$79,MATCH(B96,$A$60:$A$79,0))) -> -0.011313136 | D96: =IF(B96="","",INDEX($H$60:$H$79,MATCH(B96,$A$60:$A$79,0))) -> mixed | E96: =IF(B96="","",INDEX($F$60:$F$79,MATCH(B96,$A$60:$A$79,0))) -> -0.14647015 | F96: =IF(B96="","",INDEX($G$60:$G$79,MATCH(B96,$A$60:$A$79,0))) -> 0.12384388
A97: 11 | B97: =IF(A97>COUNT($V$60:$V$79),"",INDEX($A$60:$A$79,MATCH(LARGE($V$60:$V$79,A97),$V$60:$V$79,0))) -> Triceps | C97: =IF(B97="","",INDEX($D$60:$D$79,MATCH(B97,$A$60:$A$79,0))) -> -0.011313136 | D97: =IF(B97="","",INDEX($H$60:$H$79,MATCH(B97,$A$60:$A$79,0))) -> mixed | E97: =IF(B97="","",INDEX($F$60:$F$79,MATCH(B97,$A$60:$A$79,0))) -> -0.14647015 | F97: =IF(B97="","",INDEX($G$60:$G$79,MATCH(B97,$A$60:$A$79,0))) -> 0.12384388
A98: 12 | B98: =IF(A98>COUNT($V$60:$V$79),"",INDEX($A$60:$A$79,MATCH(LARGE($V$60:$V$79,A98),$V$60:$V$79,0))) -> Spinal erectors | C98: =IF(B98="","",INDEX($D$60:$D$79,MATCH(B98,$A$60:$A$79,0))) -> -0.030540162 | D98: =IF(B98="","",INDEX($H$60:$H$79,MATCH(B98,$A$60:$A$79,0))) -> mixed | E98: =IF(B98="","",INDEX($F$60:$F$79,MATCH(B98,$A$60:$A$79,0))) -> -0.10895235 | F98: =IF(B98="","",INDEX($G$60:$G$79,MATCH(B98,$A$60:$A$79,0))) -> 0.047872031
... A106: 20 | B106: =IF(A106>COUNT($V$60:$V$79),"",INDEX($A$60:$A$79,MATCH(LARGE($V$60:$V$79,A106),$V$60:$V$79,0))) | C106: =IF(B106="","",INDEX($D$60:$D$79,MATCH(B106,$A$60:$A$79,0))) | D106: =IF(B106="","",INDEX($H$60:$H$79,MATCH(B106,$A$60:$A$79,0))) | E106: =IF(B106="","",INDEX($F$60:$F$79,MATCH(B106,$A$60:$A$79,0))) | F106: =IF(B106="","",INDEX($G$60:$G$79,MATCH(B106,$A$60:$A$79,0)))
A107: Five categories cannot resolve twenty groups: group scores re-weight the lift scores. 'Mixed' marks groups whose lifts disagree, where the group label says more about one lift than about the muscle.
A109: Estimated rep maxes (kg total; added weight for bodyweight lifts)
A110: The curve passes through your performed set (taken to failure). Wathan's formula puts the scoring 1RM about 1.3% above the curve's own 1-rep point; the scores use the formula as published, as Symmetric Strength does.
A111: lift | B111: 1 RM | C111: 2 RM | D111: 3 RM | E111: 4 RM | F111: 5 RM | G111: 6 RM | H111: 7 RM | I111: 8 RM | J111: 9 RM | K111: 10 RM
A112: =A12 -> Back squat | B112: =IF($F$12="","",$F$12*(p_wathan_a+p_wathan_b*EXP(-p_wathan_k*1))/100-IF(Parameters!$D$196=1,m_weight,0)) -> 57.540811 | C112: =IF($F$12="","",$F$12*(p_wathan_a+p_wathan_b*EXP(-p_wathan_k*2))/100-IF(Parameters!$D$196=1,m_weight,0)) -> 55.438531 | D112: =IF($F$12="","",$F$12*(p_wathan_a+p_wathan_b*EXP(-p_wathan_k*3))/100-IF(Parameters!$D$196=1,m_weight,0)) -> 53.488154 | E112: =IF($F$12="","",$F$12*(p_wathan_a+p_wathan_b*EXP(-p_wathan_k*4))/100-IF(Parameters!$D$196=1,m_weight,0)) -> 51.678705 | F112: =IF($F$12="","",$F$12*(p_wathan_a+p_wathan_b*EXP(-p_wathan_k*5))/100-IF(Parameters!$D$196=1,m_weight,0)) -> 50 | G112: =IF($F$12="","",$F$12*(p_wathan_a+p_wathan_b*EXP(-p_wathan_k*6))/100-IF(Parameters!$D$196=1,m_weight,0)) -> 48.442593 | H112: =IF($F$12="","",$F$12*(p_wathan_a+p_wathan_b*EXP(-p_wathan_k*7))/100-IF(Parameters!$D$196=1,m_weight,0)) -> 46.997718 | I112: =IF($F$12="","",$F$12*(p_wathan_a+p_wathan_b*EXP(-p_wathan_k*8))/100-IF(Parameters!$D$196=1,m_weight,0)) -> 45.657245 | J112: =IF($F$12="","",$F$12*(p_wathan_a+p_wathan_b*EXP(-p_wathan_k*9))/100-IF(Parameters!$D$196=1,m_weight,0)) -> 44.41363 | K112: =IF($F$12="","",$F$12*(p_wathan_a+p_wathan_b*EXP(-p_wathan_k*10))/100-IF(Parameters!$D$196=1,m_weight,0)) -> 43.259874
A113: =A13 -> Front squat | B113: =IF($F$13="","",$F$13*(p_wathan_a+p_wathan_b*EXP(-p_wathan_k*1))/100-IF(Parameters!$D$197=1,m_weight,0)) | C113: =IF($F$13="","",$F$13*(p_wathan_a+p_wathan_b*EXP(-p_wathan_k*2))/100-IF(Parameters!$D$197=1,m_weight,0)) | D113: =IF($F$13="","",$F$13*(p_wathan_a+p_wathan_b*EXP(-p_wathan_k*3))/100-IF(Parameters!$D$197=1,m_weight,0)) | E113: =IF($F$13="","",$F$13*(p_wathan_a+p_wathan_b*EXP(-p_wathan_k*4))/100-IF(Parameters!$D$197=1,m_weight,0)) | F113: =IF($F$13="","",$F$13*(p_wathan_a+p_wathan_b*EXP(-p_wathan_k*5))/100-IF(Parameters!$D$197=1,m_weight,0)) | G113: =IF($F$13="","",$F$13*(p_wathan_a+p_wathan_b*EXP(-p_wathan_k*6))/100-IF(Parameters!$D$197=1,m_weight,0)) | H113: =IF($F$13="","",$F$13*(p_wathan_a+p_wathan_b*EXP(-p_wathan_k*7))/100-IF(Parameters!$D$197=1,m_weight,0)) | I113: =IF($F$13="","",$F$13*(p_wathan_a+p_wathan_b*EXP(-p_wathan_k*8))/100-IF(Parameters!$D$197=1,m_weight,0)) | J113: =IF($F$13="","",$F$13*(p_wathan_a+p_wathan_b*EXP(-p_wathan_k*9))/100-IF(Parameters!$D$197=1,m_weight,0)) | K113: =IF($F$13="","",$F$13*(p_wathan_a+p_wathan_b*EXP(-p_wathan_k*10))/100-IF(Parameters!$D$197=1,m_weight,0))
A114: =A14 -> 45-degree leg press | B114: =IF($F$14="","",$F$14*(p_wathan_a+p_wathan_b*EXP(-p_wathan_k*1))/100-IF(Parameters!$D$198=1,m_weight,0)) -> 159.61436 | C114: =IF($F$14="","",$F$14*(p_wathan_a+p_wathan_b*EXP(-p_wathan_k*2))/100-IF(Parameters!$D$198=1,m_weight,0)) -> 153.78278 | D114: =IF($F$14="","",$F$14*(p_wathan_a+p_wathan_b*EXP(-p_wathan_k*3))/100-IF(Parameters!$D$198=1,m_weight,0)) -> 148.37256 | E114: =IF($F$14="","",$F$14*(p_wathan_a+p_wathan_b*EXP(-p_wathan_k*4))/100-IF(Parameters!$D$198=1,m_weight,0)) -> 143.35327 | F114: =IF($F$14="","",$F$14*(p_wathan_a+p_wathan_b*EXP(-p_wathan_k*5))/100-IF(Parameters!$D$198=1,m_weight,0)) -> 138.69666 | G114: =IF($F$14="","",$F$14*(p_wathan_a+p_wathan_b*EXP(-p_wathan_k*6))/100-IF(Parameters!$D$198=1,m_weight,0)) -> 134.37651 | H114: =IF($F$14="","",$F$14*(p_wathan_a+p_wathan_b*EXP(-p_wathan_k*7))/100-IF(Parameters!$D$198=1,m_weight,0)) -> 130.36853 | I114: =IF($F$14="","",$F$14*(p_wathan_a+p_wathan_b*EXP(-p_wathan_k*8))/100-IF(Parameters!$D$198=1,m_weight,0)) -> 126.65015 | J114: =IF($F$14="","",$F$14*(p_wathan_a+p_wathan_b*EXP(-p_wathan_k*9))/100-IF(Parameters!$D$198=1,m_weight,0)) -> 123.20044 | K114: =IF($F$14="","",$F$14*(p_wathan_a+p_wathan_b*EXP(-p_wathan_k*10))/100-IF(Parameters!$D$198=1,m_weight,0)) -> 120
...
